store_id,sku,in_range
S001,SKU00002,1
S001,SKU00003,1
S001,SKU00004,1
S001,SKU00005,1
S001,SKU00006,1
S001,SKU00007,1
S001,SKU00008,1
S001,SKU00009,1
S001,SKU00010,1
S001,SKU00011,1
S001,SKU00013,1
S001,SKU00014,1
S001,SKU00015,1
S001,SKU00016,1
S001,SKU00018,1
S001,SKU00019,1
S001,SKU00020,1
S001,SKU00021,1
S001,SKU00022,1
S001,SKU00023,1
S001,SKU00024,1
S001,SKU00025,1
S001,SKU00026,1
S001,SKU00028,1
S001,SKU00029,1
S001,SKU00030,1
S001,SKU00031,1
S001,SKU00032,1
S001,SKU00033,1
S001,SKU00034,1
S001,SKU00035,1
S001,SKU00036,1
S001,SKU00038,1
S001,SKU00040,1
S001,SKU00041,1
S001,SKU00042,1
S001,SKU00043,1
S001,SKU00044,1
S001,SKU00045,1
S001,SKU00046,1
S001,SKU00047,1
S001,SKU00048,1
S001,SKU00049,1
S001,SKU00051,1
S001,SKU00052,1
S001,SKU00053,1
S001,SKU00054,1
S001,SKU00056,1
S001,SKU00057,1
S001,SKU00058,1
S001,SKU00059,1
S001,SKU00060,1
S001,SKU00061,1
S001,SKU00062,1
S001,SKU00063,1
S001,SKU00064,1
S001,SKU00065,1
S001,SKU00066,1
S001,SKU00067,1
S001,SKU00069,1
S001,SKU00070,1
S001,SKU00071,1
S001,SKU00072,1
S001,SKU00073,1
S001,SKU00075,1
S001,SKU00076,1
S001,SKU00077,1
S001,SKU00078,1
S001,SKU00079,1
S001,SKU00080,1
S002,SKU00001,1
S002,SKU00002,1
S002,SKU00003,1
S002,SKU00004,1
S002,SKU00005,1
S002,SKU00006,1
S002,SKU00007,1
S002,SKU00008,1
S002,SKU00009,1
S002,SKU00010,1
S002,SKU00012,1
S002,SKU00013,1
S002,SKU00014,1
S002,SKU00015,1
S002,SKU00016,1
S002,SKU00017,1
S002,SKU00018,1
S002,SKU00019,1
S002,SKU00020,1
S002,SKU00021,1
S002,SKU00022,1
S002,SKU00023,1
S002,SKU00025,1
S002,SKU00026,1
S002,SKU00027,1
S002,SKU00028,1
S002,SKU00029,1
S002,SKU00030,1
S002,SKU00032,1
S002,SKU00033,1
S002,SKU00034,1
S002,SKU00035,1
S002,SKU00036,1
S002,SKU00037,1
S002,SKU00038,1
S002,SKU00039,1
S002,SKU00040,1
S002,SKU00041,1
S002,SKU00042,1
S002,SKU00044,1
S002,SKU00045,1
S002,SKU00046,1
S002,SKU00047,1
S002,SKU00048,1
S002,SKU00049,1
S002,SKU00050,1
S002,SKU00051,1
S002,SKU00052,1
S002,SKU00053,1
S002,SKU00055,1
S002,SKU00056,1
S002,SKU00057,1
S002,SKU00058,1
S002,SKU00060,1
S002,SKU00063,1
S002,SKU00064,1
S002,SKU00065,1
S002,SKU00066,1
S002,SKU00067,1
S002,SKU00068,1
S002,SKU00069,1
S002,SKU00071,1
S002,SKU00072,1
S002,SKU00073,1
S002,SKU00074,1
S002,SKU00077,1
S002,SKU00078,1
S002,SKU00079,1
S002,SKU00080,1
S003,SKU00002,1
S003,SKU00003,1
S003,SKU00004,1
S003,SKU00005,1
S003,SKU00006,1
S003,SKU00007,1
S003,SKU00008,1
S003,SKU00009,1
S003,SKU00011,1
S003,SKU00012,1
S003,SKU00013,1
S003,SKU00014,1
S003,SKU00015,1
S003,SKU00016,1
S003,SKU00017,1
S003,SKU00018,1
S003,SKU00019,1
S003,SKU00020,1
S003,SKU00021,1
S003,SKU00022,1
S003,SKU00023,1
S003,SKU00025,1
S003,SKU00026,1
S003,SKU00027,1
S003,SKU00028,1
S003,SKU00029,1
S003,SKU00030,1
S003,SKU00031,1
S003,SKU00032,1
S003,SKU00033,1
S003,SKU00034,1
S003,SKU00037,1
S003,SKU00038,1
S003,SKU00039,1
S003,SKU00041,1
S003,SKU00042,1
S003,SKU00043,1
S003,SKU00044,1
S003,SKU00045,1
S003,SKU00046,1
S003,SKU00047,1
S003,SKU00049,1
S003,SKU00050,1
S003,SKU00051,1
S003,SKU00052,1
S003,SKU00053,1
S003,SKU00055,1
S003,SKU00056,1
S003,SKU00057,1
S003,SKU00058,1
S003,SKU00059,1
S003,SKU00060,1
S003,SKU00061,1
S003,SKU00062,1
S003,SKU00063,1
S003,SKU00064,1
S003,SKU00065,1
S003,SKU00067,1
S003,SKU00068,1
S003,SKU00069,1
S003,SKU00070,1
S003,SKU00071,1
S003,SKU00072,1
S003,SKU00073,1
S003,SKU00074,1
S003,SKU00075,1
S003,SKU00076,1
S003,SKU00077,1
S003,SKU00078,1
S003,SKU00079,1
S003,SKU00080,1
S004,SKU00002,1
S004,SKU00003,1
S004,SKU00004,1
S004,SKU00005,1
S004,SKU00006,1
S004,SKU00007,1
S004,SKU00008,1
S004,SKU00009,1
S004,SKU00010,1
S004,SKU00011,1
S004,SKU00012,1
S004,SKU00013,1
S004,SKU00014,1
S004,SKU00015,1
S004,SKU00016,1
S004,SKU00017,1
S004,SKU00018,1
S004,SKU00019,1
S004,SKU00021,1
S004,SKU00023,1
S004,SKU00024,1
S004,SKU00025,1
S004,SKU00026,1
S004,SKU00027,1
S004,SKU00029,1
S004,SKU00030,1
S004,SKU00031,1
S004,SKU00032,1
S004,SKU00033,1
S004,SKU00034,1
S004,SKU00035,1
S004,SKU00036,1
S004,SKU00037,1
S004,SKU00038,1
S004,SKU00039,1
S004,SKU00040,1
S004,SKU00041,1
S004,SKU00042,1
S004,SKU00043,1
S004,SKU00044,1
S004,SKU00045,1
S004,SKU00046,1
S004,SKU00048,1
S004,SKU00049,1
S004,SKU00050,1
S004,SKU00052,1
S004,SKU00054,1
S004,SKU00056,1
S004,SKU00058,1
S004,SKU00059,1
S004,SKU00060,1
S004,SKU00061,1
S004,SKU00062,1
S004,SKU00063,1
S004,SKU00064,1
S004,SKU00065,1
S004,SKU00066,1
S004,SKU00067,1
S004,SKU00068,1
S004,SKU00069,1
S004,SKU00071,1
S004,SKU00072,1
S004,SKU00073,1
S004,SKU00074,1
S004,SKU00075,1
S004,SKU00076,1
S004,SKU00077,1
S004,SKU00078,1
S004,SKU00079,1
S004,SKU00080,1
S005,SKU00001,1
S005,SKU00002,1
S005,SKU00003,1
S005,SKU00004,1
S005,SKU00005,1
S005,SKU00006,1
S005,SKU00007,1
S005,SKU00008,1
S005,SKU00010,1
S005,SKU00012,1
S005,SKU00013,1
S005,SKU00014,1
S005,SKU00015,1
S005,SKU00016,1
S005,SKU00017,1
S005,SKU00018,1
S005,SKU00019,1
S005,SKU00020,1
S005,SKU00021,1
S005,SKU00022,1
S005,SKU00023,1
S005,SKU00025,1
S005,SKU00026,1
S005,SKU00027,1
S005,SKU00028,1
S005,SKU00029,1
S005,SKU00030,1
S005,SKU00031,1
S005,SKU00032,1
S005,SKU00033,1
S005,SKU00034,1
S005,SKU00035,1
S005,SKU00036,1
S005,SKU00037,1
S005,SKU00038,1
S005,SKU00039,1
S005,SKU00040,1
S005,SKU00041,1
S005,SKU00042,1
S005,SKU00043,1
S005,SKU00044,1
S005,SKU00045,1
S005,SKU00046,1
S005,SKU00047,1
S005,SKU00048,1
S005,SKU00049,1
S005,SKU00050,1
S005,SKU00051,1
S005,SKU00052,1
S005,SKU00053,1
S005,SKU00055,1
S005,SKU00056,1
S005,SKU00057,1
S005,SKU00058,1
S005,SKU00059,1
S005,SKU00060,1
S005,SKU00061,1
S005,SKU00063,1
S005,SKU00065,1
S005,SKU00066,1
S005,SKU00067,1
S005,SKU00068,1
S005,SKU00069,1
S005,SKU00070,1
S005,SKU00071,1
S005,SKU00072,1
S005,SKU00073,1
S005,SKU00074,1
S005,SKU00075,1
S005,SKU00076,1
S005,SKU00077,1
S005,SKU00078,1
S005,SKU00079,1
S005,SKU00080,1
S006,SKU00001,1
S006,SKU00002,1
S006,SKU00003,1
S006,SKU00004,1
S006,SKU00005,1
S006,SKU00006,1
S006,SKU00007,1
S006,SKU00008,1
S006,SKU00009,1
S006,SKU00010,1
S006,SKU00011,1
S006,SKU00012,1
S006,SKU00013,1
S006,SKU00014,1
S006,SKU00015,1
S006,SKU00017,1
S006,SKU00018,1
S006,SKU00019,1
S006,SKU00020,1
S006,SKU00021,1
S006,SKU00022,1
S006,SKU00023,1
S006,SKU00024,1
S006,SKU00025,1
S006,SKU00027,1
S006,SKU00028,1
S006,SKU00029,1
S006,SKU00030,1
S006,SKU00031,1
S006,SKU00032,1
S006,SKU00033,1
S006,SKU00034,1
S006,SKU00035,1
S006,SKU00036,1
S006,SKU00037,1
S006,SKU00038,1
S006,SKU00039,1
S006,SKU00040,1
S006,SKU00041,1
S006,SKU00042,1
S006,SKU00043,1
S006,SKU00044,1
S006,SKU00045,1
S006,SKU00046,1
S006,SKU00047,1
S006,SKU00048,1
S006,SKU00049,1
S006,SKU00050,1
S006,SKU00051,1
S006,SKU00052,1
S006,SKU00053,1
S006,SKU00054,1
S006,SKU00055,1
S006,SKU00056,1
S006,SKU00057,1
S006,SKU00058,1
S006,SKU00059,1
S006,SKU00060,1
S006,SKU00062,1
S006,SKU00063,1
S006,SKU00064,1
S006,SKU00065,1
S006,SKU00066,1
S006,SKU00068,1
S006,SKU00069,1
S006,SKU00070,1
S006,SKU00071,1
S006,SKU00072,1
S006,SKU00073,1
S006,SKU00074,1
S006,SKU00075,1
S006,SKU00076,1
S006,SKU00077,1
S006,SKU00078,1
S006,SKU00079,1
S006,SKU00080,1
S007,SKU00001,1
S007,SKU00003,1
S007,SKU00004,1
S007,SKU00005,1
S007,SKU00006,1
S007,SKU00008,1
S007,SKU00009,1
S007,SKU00010,1
S007,SKU00011,1
S007,SKU00012,1
S007,SKU00013,1
S007,SKU00014,1
S007,SKU00015,1
S007,SKU00016,1
S007,SKU00017,1
S007,SKU00019,1
S007,SKU00020,1
S007,SKU00021,1
S007,SKU00022,1
S007,SKU00023,1
S007,SKU00024,1
S007,SKU00025,1
S007,SKU00026,1
S007,SKU00027,1
S007,SKU00029,1
S007,SKU00030,1
S007,SKU00031,1
S007,SKU00032,1
S007,SKU00033,1
S007,SKU00035,1
S007,SKU00036,1
S007,SKU00037,1
S007,SKU00038,1
S007,SKU00039,1
S007,SKU00040,1
S007,SKU00041,1
S007,SKU00042,1
S007,SKU00043,1
S007,SKU00044,1
S007,SKU00045,1
S007,SKU00046,1
S007,SKU00047,1
S007,SKU00048,1
S007,SKU00049,1
S007,SKU00050,1
S007,SKU00051,1
S007,SKU00052,1
S007,SKU00053,1
S007,SKU00054,1
S007,SKU00055,1
S007,SKU00056,1
S007,SKU00057,1
S007,SKU00058,1
S007,SKU00059,1
S007,SKU00061,1
S007,SKU00062,1
S007,SKU00063,1
S007,SKU00064,1
S007,SKU00065,1
S007,SKU00066,1
S007,SKU00067,1
S007,SKU00068,1
S007,SKU00069,1
S007,SKU00070,1
S007,SKU00071,1
S007,SKU00072,1
S007,SKU00073,1
S007,SKU00074,1
S007,SKU00075,1
S007,SKU00076,1
S007,SKU00077,1
S007,SKU00078,1
S007,SKU00079,1
S007,SKU00080,1
S008,SKU00001,1
S008,SKU00002,1
S008,SKU00003,1
S008,SKU00004,1
S008,SKU00005,1
S008,SKU00006,1
S008,SKU00007,1
S008,SKU00008,1
S008,SKU00009,1
S008,SKU00010,1
S008,SKU00012,1
S008,SKU00013,1
S008,SKU00014,1
S008,SKU00015,1
S008,SKU00016,1
S008,SKU00017,1
S008,SKU00018,1
S008,SKU00019,1
S008,SKU00020,1
S008,SKU00022,1
S008,SKU00023,1
S008,SKU00024,1
S008,SKU00025,1
S008,SKU00026,1
S008,SKU00027,1
S008,SKU00028,1
S008,SKU00029,1
S008,SKU00030,1
S008,SKU00031,1
S008,SKU00032,1
S008,SKU00034,1
S008,SKU00035,1
S008,SKU00036,1
S008,SKU00037,1
S008,SKU00038,1
S008,SKU00039,1
S008,SKU00040,1
S008,SKU00041,1
S008,SKU00042,1
S008,SKU00044,1
S008,SKU00045,1
S008,SKU00046,1
S008,SKU00047,1
S008,SKU00048,1
S008,SKU00049,1
S008,SKU00050,1
S008,SKU00051,1
S008,SKU00052,1
S008,SKU00054,1
S008,SKU00055,1
S008,SKU00056,1
S008,SKU00057,1
S008,SKU00059,1
S008,SKU00060,1
S008,SKU00061,1
S008,SKU00062,1
S008,SKU00063,1
S008,SKU00064,1
S008,SKU00065,1
S008,SKU00066,1
S008,SKU00067,1
S008,SKU00068,1
S008,SKU00069,1
S008,SKU00070,1
S008,SKU00071,1
S008,SKU00072,1
S008,SKU00073,1
S008,SKU00075,1
S008,SKU00076,1
S008,SKU00077,1
S008,SKU00079,1
S008,SKU00080,1
S009,SKU00001,1
S009,SKU00003,1
S009,SKU00004,1
S009,SKU00005,1
S009,SKU00006,1
S009,SKU00007,1
S009,SKU00008,1
S009,SKU00009,1
S009,SKU00010,1
S009,SKU00011,1
S009,SKU00012,1
S009,SKU00014,1
S009,SKU00015,1
S009,SKU00016,1
S009,SKU00017,1
S009,SKU00018,1
S009,SKU00019,1
S009,SKU00020,1
S009,SKU00021,1
S009,SKU00023,1
S009,SKU00024,1
S009,SKU00027,1
S009,SKU00028,1
S009,SKU00029,1
S009,SKU00030,1
S009,SKU00031,1
S009,SKU00032,1
S009,SKU00034,1
S009,SKU00035,1
S009,SKU00036,1
S009,SKU00037,1
S009,SKU00038,1
S009,SKU00039,1
S009,SKU00040,1
S009,SKU00041,1
S009,SKU00042,1
S009,SKU00043,1
S009,SKU00044,1
S009,SKU00045,1
S009,SKU00047,1
S009,SKU00048,1
S009,SKU00049,1
S009,SKU00050,1
S009,SKU00051,1
S009,SKU00053,1
S009,SKU00054,1
S009,SKU00056,1
S009,SKU00057,1
S009,SKU00058,1
S009,SKU00059,1
S009,SKU00060,1
S009,SKU00061,1
S009,SKU00062,1
S009,SKU00063,1
S009,SKU00064,1
S009,SKU00065,1
S009,SKU00067,1
S009,SKU00068,1
S009,SKU00069,1
S009,SKU00071,1
S009,SKU00072,1
S009,SKU00073,1
S009,SKU00074,1
S009,SKU00075,1
S009,SKU00076,1
S009,SKU00079,1
S009,SKU00080,1
S010,SKU00001,1
S010,SKU00002,1
S010,SKU00003,1
S010,SKU00004,1
S010,SKU00005,1
S010,SKU00006,1
S010,SKU00008,1
S010,SKU00009,1
S010,SKU00010,1
S010,SKU00012,1
S010,SKU00013,1
S010,SKU00014,1
S010,SKU00015,1
S010,SKU00016,1
S010,SKU00017,1
S010,SKU00019,1
S010,SKU00020,1
S010,SKU00021,1
S010,SKU00022,1
S010,SKU00023,1
S010,SKU00025,1
S010,SKU00026,1
S010,SKU00027,1
S010,SKU00028,1
S010,SKU00029,1
S010,SKU00030,1
S010,SKU00031,1
S010,SKU00032,1
S010,SKU00033,1
S010,SKU00034,1
S010,SKU00035,1
S010,SKU00036,1
S010,SKU00037,1
S010,SKU00038,1
S010,SKU00039,1
S010,SKU00040,1
S010,SKU00041,1
S010,SKU00042,1
S010,SKU00043,1
S010,SKU00044,1
S010,SKU00046,1
S010,SKU00047,1
S010,SKU00048,1
S010,SKU00049,1
S010,SKU00050,1
S010,SKU00051,1
S010,SKU00052,1
S010,SKU00053,1
S010,SKU00054,1
S010,SKU00055,1
S010,SKU00056,1
S010,SKU00057,1
S010,SKU00058,1
S010,SKU00059,1
S010,SKU00061,1
S010,SKU00062,1
S010,SKU00063,1
S010,SKU00064,1
S010,SKU00065,1
S010,SKU00066,1
S010,SKU00067,1
S010,SKU00068,1
S010,SKU00069,1
S010,SKU00070,1
S010,SKU00071,1
S010,SKU00072,1
S010,SKU00073,1
S010,SKU00074,1
S010,SKU00077,1
S010,SKU00078,1
S010,SKU00079,1
S010,SKU00080,1
S011,SKU00001,1
S011,SKU00002,1
S011,SKU00003,1
S011,SKU00005,1
S011,SKU00006,1
S011,SKU00007,1
S011,SKU00008,1
S011,SKU00009,1
S011,SKU00010,1
S011,SKU00011,1
S011,SKU00012,1
S011,SKU00013,1
S011,SKU00014,1
S011,SKU00015,1
S011,SKU00016,1
S011,SKU00017,1
S011,SKU00019,1
S011,SKU00020,1
S011,SKU00021,1
S011,SKU00022,1
S011,SKU00023,1
S011,SKU00024,1
S011,SKU00026,1
S011,SKU00027,1
S011,SKU00028,1
S011,SKU00029,1
S011,SKU00030,1
S011,SKU00031,1
S011,SKU00032,1
S011,SKU00033,1
S011,SKU00034,1
S011,SKU00035,1
S011,SKU00036,1
S011,SKU00037,1
S011,SKU00038,1
S011,SKU00039,1
S011,SKU00040,1
S011,SKU00042,1
S011,SKU00044,1
S011,SKU00045,1
S011,SKU00046,1
S011,SKU00047,1
S011,SKU00048,1
S011,SKU00049,1
S011,SKU00050,1
S011,SKU00051,1
S011,SKU00053,1
S011,SKU00054,1
S011,SKU00055,1
S011,SKU00056,1
S011,SKU00057,1
S011,SKU00058,1
S011,SKU00059,1
S011,SKU00060,1
S011,SKU00061,1
S011,SKU00062,1
S011,SKU00063,1
S011,SKU00065,1
S011,SKU00066,1
S011,SKU00067,1
S011,SKU00068,1
S011,SKU00069,1
S011,SKU00070,1
S011,SKU00071,1
S011,SKU00072,1
S011,SKU00073,1
S011,SKU00074,1
S011,SKU00075,1
S011,SKU00077,1
S011,SKU00079,1
S011,SKU00080,1
S012,SKU00001,1
S012,SKU00002,1
S012,SKU00003,1
S012,SKU00004,1
S012,SKU00005,1
S012,SKU00006,1
S012,SKU00008,1
S012,SKU00010,1
S012,SKU00011,1
S012,SKU00014,1
S012,SKU00015,1
S012,SKU00016,1
S012,SKU00017,1
S012,SKU00018,1
S012,SKU00019,1
S012,SKU00020,1
S012,SKU00021,1
S012,SKU00022,1
S012,SKU00023,1
S012,SKU00025,1
S012,SKU00026,1
S012,SKU00027,1
S012,SKU00028,1
S012,SKU00029,1
S012,SKU00031,1
S012,SKU00032,1
S012,SKU00033,1
S012,SKU00035,1
S012,SKU00036,1
S012,SKU00037,1
S012,SKU00039,1
S012,SKU00040,1
S012,SKU00041,1
S012,SKU00042,1
S012,SKU00043,1
S012,SKU00044,1
S012,SKU00045,1
S012,SKU00046,1
S012,SKU00048,1
S012,SKU00049,1
S012,SKU00050,1
S012,SKU00051,1
S012,SKU00052,1
S012,SKU00053,1
S012,SKU00054,1
S012,SKU00056,1
S012,SKU00057,1
S012,SKU00058,1
S012,SKU00060,1
S012,SKU00061,1
S012,SKU00062,1
S012,SKU00063,1
S012,SKU00065,1
S012,SKU00066,1
S012,SKU00067,1
S012,SKU00068,1
S012,SKU00069,1
S012,SKU00070,1
S012,SKU00071,1
S012,SKU00072,1
S012,SKU00073,1
S012,SKU00074,1
S012,SKU00075,1
S012,SKU00076,1
S012,SKU00077,1
S012,SKU00078,1
S012,SKU00079,1
S012,SKU00080,1
S013,SKU00001,1
S013,SKU00002,1
S013,SKU00003,1
S013,SKU00004,1
S013,SKU00005,1
S013,SKU00007,1
S013,SKU00008,1
S013,SKU00009,1
S013,SKU00010,1
S013,SKU00011,1
S013,SKU00012,1
S013,SKU00013,1
S013,SKU00014,1
S013,SKU00015,1
S013,SKU00016,1
S013,SKU00017,1
S013,SKU00018,1
S013,SKU00019,1
S013,SKU00020,1
S013,SKU00021,1
S013,SKU00022,1
S013,SKU00023,1
S013,SKU00024,1
S013,SKU00025,1
S013,SKU00026,1
S013,SKU00027,1
S013,SKU00028,1
S013,SKU00030,1
S013,SKU00031,1
S013,SKU00032,1
S013,SKU00033,1
S013,SKU00034,1
S013,SKU00036,1
S013,SKU00037,1
S013,SKU00038,1
S013,SKU00039,1
S013,SKU00040,1
S013,SKU00042,1
S013,SKU00043,1
S013,SKU00044,1
S013,SKU00045,1
S013,SKU00046,1
S013,SKU00047,1
S013,SKU00048,1
S013,SKU00049,1
S013,SKU00051,1
S013,SKU00052,1
S013,SKU00053,1
S013,SKU00054,1
S013,SKU00055,1
S013,SKU00056,1
S013,SKU00057,1
S013,SKU00058,1
S013,SKU00059,1
S013,SKU00060,1
S013,SKU00061,1
S013,SKU00062,1
S013,SKU00063,1
S013,SKU00064,1
S013,SKU00065,1
S013,SKU00066,1
S013,SKU00067,1
S013,SKU00068,1
S013,SKU00069,1
S013,SKU00070,1
S013,SKU00072,1
S013,SKU00073,1
S013,SKU00074,1
S013,SKU00075,1
S013,SKU00076,1
S013,SKU00077,1
S013,SKU00078,1
S013,SKU00079,1
S013,SKU00080,1
S014,SKU00001,1
S014,SKU00002,1
S014,SKU00003,1
S014,SKU00004,1
S014,SKU00005,1
S014,SKU00006,1
S014,SKU00007,1
S014,SKU00009,1
S014,SKU00010,1
S014,SKU00011,1
S014,SKU00012,1
S014,SKU00013,1
S014,SKU00014,1
S014,SKU00015,1
S014,SKU00016,1
S014,SKU00017,1
S014,SKU00018,1
S014,SKU00019,1
S014,SKU00020,1
S014,SKU00021,1
S014,SKU00023,1
S014,SKU00024,1
S014,SKU00025,1
S014,SKU00026,1
S014,SKU00028,1
S014,SKU00029,1
S014,SKU00030,1
S014,SKU00031,1
S014,SKU00032,1
S014,SKU00033,1
S014,SKU00034,1
S014,SKU00035,1
S014,SKU00036,1
S014,SKU00037,1
S014,SKU00038,1
S014,SKU00039,1
S014,SKU00040,1
S014,SKU00041,1
S014,SKU00042,1
S014,SKU00043,1
S014,SKU00044,1
S014,SKU00045,1
S014,SKU00046,1
S014,SKU00047,1
S014,SKU00048,1
S014,SKU00049,1
S014,SKU00050,1
S014,SKU00051,1
S014,SKU00052,1
S014,SKU00053,1
S014,SKU00054,1
S014,SKU00055,1
S014,SKU00056,1
S014,SKU00057,1
S014,SKU00058,1
S014,SKU00059,1
S014,SKU00060,1
S014,SKU00061,1
S014,SKU00062,1
S014,SKU00063,1
S014,SKU00064,1
S014,SKU00065,1
S014,SKU00066,1
S014,SKU00067,1
S014,SKU00068,1
S014,SKU00069,1
S014,SKU00070,1
S014,SKU00071,1
S014,SKU00072,1
S014,SKU00073,1
S014,SKU00074,1
S014,SKU00075,1
S014,SKU00076,1
S014,SKU00077,1
S014,SKU00078,1
S014,SKU00079,1
S014,SKU00080,1
S015,SKU00001,1
S015,SKU00002,1
S015,SKU00003,1
S015,SKU00004,1
S015,SKU00005,1
S015,SKU00006,1
S015,SKU00008,1
S015,SKU00009,1
S015,SKU00010,1
S015,SKU00011,1
S015,SKU00012,1
S015,SKU00013,1
S015,SKU00014,1
S015,SKU00015,1
S015,SKU00016,1
S015,SKU00017,1
S015,SKU00018,1
S015,SKU00020,1
S015,SKU00021,1
S015,SKU00022,1
S015,SKU00023,1
S015,SKU00024,1
S015,SKU00025,1
S015,SKU00026,1
S015,SKU00027,1
S015,SKU00028,1
S015,SKU00029,1
S015,SKU00030,1
S015,SKU00031,1
S015,SKU00032,1
S015,SKU00034,1
S015,SKU00035,1
S015,SKU00036,1
S015,SKU00037,1
S015,SKU00038,1
S015,SKU00039,1
S015,SKU00040,1
S015,SKU00041,1
S015,SKU00042,1
S015,SKU00043,1
S015,SKU00044,1
S015,SKU00045,1
S015,SKU00046,1
S015,SKU00047,1
S015,SKU00048,1
S015,SKU00049,1
S015,SKU00051,1
S015,SKU00052,1
S015,SKU00053,1
S015,SKU00054,1
S015,SKU00055,1
S015,SKU00056,1
S015,SKU00057,1
S015,SKU00058,1
S015,SKU00059,1
S015,SKU00060,1
S015,SKU00061,1
S015,SKU00062,1
S015,SKU00063,1
S015,SKU00064,1
S015,SKU00065,1
S015,SKU00066,1
S015,SKU00067,1
S015,SKU00068,1
S015,SKU00069,1
S015,SKU00070,1
S015,SKU00071,1
S015,SKU00072,1
S015,SKU00073,1
S015,SKU00074,1
S015,SKU00075,1
S015,SKU00076,1
S015,SKU00077,1
S015,SKU00078,1
S015,SKU00079,1
S015,SKU00080,1
S016,SKU00001,1
S016,SKU00002,1
S016,SKU00003,1
S016,SKU00004,1
S016,SKU00005,1
S016,SKU00006,1
S016,SKU00007,1
S016,SKU00008,1
S016,SKU00009,1
S016,SKU00010,1
S016,SKU00011,1
S016,SKU00012,1
S016,SKU00013,1
S016,SKU00014,1
S016,SKU00015,1
S016,SKU00016,1
S016,SKU00017,1
S016,SKU00018,1
S016,SKU00019,1
S016,SKU00020,1
S016,SKU00021,1
S016,SKU00022,1
S016,SKU00023,1
S016,SKU00024,1
S016,SKU00025,1
S016,SKU00026,1
S016,SKU00028,1
S016,SKU00029,1
S016,SKU00030,1
S016,SKU00031,1
S016,SKU00032,1
S016,SKU00034,1
S016,SKU00035,1
S016,SKU00036,1
S016,SKU00038,1
S016,SKU00039,1
S016,SKU00040,1
S016,SKU00041,1
S016,SKU00042,1
S016,SKU00043,1
S016,SKU00044,1
S016,SKU00045,1
S016,SKU00046,1
S016,SKU00047,1
S016,SKU00048,1
S016,SKU00049,1
S016,SKU00050,1
S016,SKU00051,1
S016,SKU00052,1
S016,SKU00054,1
S016,SKU00055,1
S016,SKU00056,1
S016,SKU00057,1
S016,SKU00058,1
S016,SKU00059,1
S016,SKU00060,1
S016,SKU00061,1
S016,SKU00062,1
S016,SKU00063,1
S016,SKU00064,1
S016,SKU00065,1
S016,SKU00066,1
S016,SKU00067,1
S016,SKU00068,1
S016,SKU00069,1
S016,SKU00070,1
S016,SKU00071,1
S016,SKU00072,1
S016,SKU00073,1
S016,SKU00074,1
S016,SKU00075,1
S016,SKU00076,1
S016,SKU00077,1
S016,SKU00078,1
S016,SKU00079,1
S016,SKU00080,1
S017,SKU00001,1
S017,SKU00002,1
S017,SKU00003,1
S017,SKU00004,1
S017,SKU00005,1
S017,SKU00006,1
S017,SKU00009,1
S017,SKU00010,1
S017,SKU00011,1
S017,SKU00012,1
S017,SKU00014,1
S017,SKU00015,1
S017,SKU00016,1
S017,SKU00017,1
S017,SKU00018,1
S017,SKU00019,1
S017,SKU00020,1
S017,SKU00021,1
S017,SKU00022,1
S017,SKU00023,1
S017,SKU00024,1
S017,SKU00025,1
S017,SKU00026,1
S017,SKU00028,1
S017,SKU00029,1
S017,SKU00031,1
S017,SKU00032,1
S017,SKU00033,1
S017,SKU00034,1
S017,SKU00035,1
S017,SKU00036,1
S017,SKU00037,1
S017,SKU00039,1
S017,SKU00040,1
S017,SKU00042,1
S017,SKU00043,1
S017,SKU00044,1
S017,SKU00045,1
S017,SKU00046,1
S017,SKU00047,1
S017,SKU00048,1
S017,SKU00049,1
S017,SKU00050,1
S017,SKU00051,1
S017,SKU00052,1
S017,SKU00053,1
S017,SKU00054,1
S017,SKU00055,1
S017,SKU00056,1
S017,SKU00057,1
S017,SKU00058,1
S017,SKU00059,1
S017,SKU00060,1
S017,SKU00061,1
S017,SKU00062,1
S017,SKU00063,1
S017,SKU00064,1
S017,SKU00065,1
S017,SKU00066,1
S017,SKU00068,1
S017,SKU00069,1
S017,SKU00070,1
S017,SKU00071,1
S017,SKU00072,1
S017,SKU00073,1
S017,SKU00074,1
S017,SKU00075,1
S017,SKU00076,1
S017,SKU00077,1
S017,SKU00078,1
S017,SKU00080,1
S018,SKU00001,1
S018,SKU00002,1
S018,SKU00004,1
S018,SKU00005,1
S018,SKU00006,1
S018,SKU00007,1
S018,SKU00009,1
S018,SKU00010,1
S018,SKU00011,1
S018,SKU00012,1
S018,SKU00013,1
S018,SKU00014,1
S018,SKU00015,1
S018,SKU00016,1
S018,SKU00017,1
S018,SKU00018,1
S018,SKU00019,1
S018,SKU00020,1
S018,SKU00021,1
S018,SKU00022,1
S018,SKU00023,1
S018,SKU00024,1
S018,SKU00025,1
S018,SKU00026,1
S018,SKU00027,1
S018,SKU00028,1
S018,SKU00029,1
S018,SKU00030,1
S018,SKU00031,1
S018,SKU00032,1
S018,SKU00033,1
S018,SKU00035,1
S018,SKU00037,1
S018,SKU00038,1
S018,SKU00039,1
S018,SKU00040,1
S018,SKU00041,1
S018,SKU00042,1
S018,SKU00043,1
S018,SKU00044,1
S018,SKU00045,1
S018,SKU00046,1
S018,SKU00047,1
S018,SKU00048,1
S018,SKU00049,1
S018,SKU00050,1
S018,SKU00052,1
S018,SKU00053,1
S018,SKU00055,1
S018,SKU00056,1
S018,SKU00057,1
S018,SKU00058,1
S018,SKU00059,1
S018,SKU00060,1
S018,SKU00061,1
S018,SKU00062,1
S018,SKU00063,1
S018,SKU00064,1
S018,SKU00065,1
S018,SKU00066,1
S018,SKU00067,1
S018,SKU00068,1
S018,SKU00069,1
S018,SKU00070,1
S018,SKU00071,1
S018,SKU00072,1
S018,SKU00074,1
S018,SKU00077,1
S018,SKU00078,1
S018,SKU00079,1
S018,SKU00080,1
S019,SKU00001,1
S019,SKU00003,1
S019,SKU00004,1
S019,SKU00005,1
S019,SKU00006,1
S019,SKU00007,1
S019,SKU00008,1
S019,SKU00009,1
S019,SKU00010,1
S019,SKU00011,1
S019,SKU00012,1
S019,SKU00013,1
S019,SKU00015,1
S019,SKU00016,1
S019,SKU00017,1
S019,SKU00018,1
S019,SKU00019,1
S019,SKU00020,1
S019,SKU00021,1
S019,SKU00022,1
S019,SKU00023,1
S019,SKU00024,1
S019,SKU00025,1
S019,SKU00026,1
S019,SKU00027,1
S019,SKU00028,1
S019,SKU00029,1
S019,SKU00031,1
S019,SKU00033,1
S019,SKU00034,1
S019,SKU00035,1
S019,SKU00036,1
S019,SKU00037,1
S019,SKU00038,1
S019,SKU00039,1
S019,SKU00040,1
S019,SKU00041,1
S019,SKU00042,1
S019,SKU00043,1
S019,SKU00044,1
S019,SKU00045,1
S019,SKU00046,1
S019,SKU00047,1
S019,SKU00048,1
S019,SKU00050,1
S019,SKU00051,1
S019,SKU00052,1
S019,SKU00053,1
S019,SKU00054,1
S019,SKU00055,1
S019,SKU00056,1
S019,SKU00057,1
S019,SKU00058,1
S019,SKU00059,1
S019,SKU00060,1
S019,SKU00061,1
S019,SKU00062,1
S019,SKU00063,1
S019,SKU00064,1
S019,SKU00066,1
S019,SKU00067,1
S019,SKU00068,1
S019,SKU00069,1
S019,SKU00070,1
S019,SKU00072,1
S019,SKU00073,1
S019,SKU00074,1
S019,SKU00075,1
S019,SKU00076,1
S019,SKU00077,1
S019,SKU00078,1
S019,SKU00079,1
S020,SKU00001,1
S020,SKU00003,1
S020,SKU00004,1
S020,SKU00005,1
S020,SKU00006,1
S020,SKU00007,1
S020,SKU00008,1
S020,SKU00009,1
S020,SKU00011,1
S020,SKU00012,1
S020,SKU00013,1
S020,SKU00014,1
S020,SKU00015,1
S020,SKU00016,1
S020,SKU00017,1
S020,SKU00018,1
S020,SKU00019,1
S020,SKU00020,1
S020,SKU00022,1
S020,SKU00023,1
S020,SKU00024,1
S020,SKU00025,1
S020,SKU00026,1
S020,SKU00027,1
S020,SKU00028,1
S020,SKU00029,1
S020,SKU00030,1
S020,SKU00031,1
S020,SKU00032,1
S020,SKU00033,1
S020,SKU00034,1
S020,SKU00035,1
S020,SKU00036,1
S020,SKU00037,1
S020,SKU00038,1
S020,SKU00039,1
S020,SKU00041,1
S020,SKU00042,1
S020,SKU00043,1
S020,SKU00044,1
S020,SKU00045,1
S020,SKU00046,1
S020,SKU00047,1
S020,SKU00048,1
S020,SKU00049,1
S020,SKU00050,1
S020,SKU00051,1
S020,SKU00052,1
S020,SKU00053,1
S020,SKU00054,1
S020,SKU00056,1
S020,SKU00057,1
S020,SKU00058,1
S020,SKU00059,1
S020,SKU00060,1
S020,SKU00061,1
S020,SKU00062,1
S020,SKU00063,1
S020,SKU00064,1
S020,SKU00065,1
S020,SKU00066,1
S020,SKU00067,1
S020,SKU00068,1
S020,SKU00069,1
S020,SKU00070,1
S020,SKU00071,1
S020,SKU00072,1
S020,SKU00073,1
S020,SKU00074,1
S020,SKU00075,1
S020,SKU00076,1
S020,SKU00077,1
S020,SKU00078,1
S020,SKU00080,1
S021,SKU00002,1
S021,SKU00003,1
S021,SKU00004,1
S021,SKU00005,1
S021,SKU00008,1
S021,SKU00009,1
S021,SKU00011,1
S021,SKU00015,1
S021,SKU00016,1
S021,SKU00017,1
S021,SKU00018,1
S021,SKU00019,1
S021,SKU00020,1
S021,SKU00021,1
S021,SKU00023,1
S021,SKU00026,1
S021,SKU00028,1
S021,SKU00030,1
S021,SKU00033,1
S021,SKU00034,1
S021,SKU00035,1
S021,SKU00036,1
S021,SKU00037,1
S021,SKU00038,1
S021,SKU00039,1
S021,SKU00040,1
S021,SKU00041,1
S021,SKU00042,1
S021,SKU00043,1
S021,SKU00044,1
S021,SKU00045,1
S021,SKU00048,1
S021,SKU00049,1
S021,SKU00051,1
S021,SKU00053,1
S021,SKU00055,1
S021,SKU00058,1
S021,SKU00062,1
S021,SKU00063,1
S021,SKU00067,1
S021,SKU00069,1
S021,SKU00070,1
S021,SKU00071,1
S021,SKU00072,1
S021,SKU00074,1
S021,SKU00076,1
S021,SKU00078,1
S021,SKU00079,1
S021,SKU00080,1
S022,SKU00001,1
S022,SKU00003,1
S022,SKU00008,1
S022,SKU00009,1
S022,SKU00010,1
S022,SKU00011,1
S022,SKU00013,1
S022,SKU00014,1
S022,SKU00015,1
S022,SKU00017,1
S022,SKU00018,1
S022,SKU00021,1
S022,SKU00023,1
S022,SKU00024,1
S022,SKU00025,1
S022,SKU00026,1
S022,SKU00027,1
S022,SKU00029,1
S022,SKU00030,1
S022,SKU00031,1
S022,SKU00033,1
S022,SKU00034,1
S022,SKU00037,1
S022,SKU00038,1
S022,SKU00040,1
S022,SKU00045,1
S022,SKU00046,1
S022,SKU00048,1
S022,SKU00049,1
S022,SKU00050,1
S022,SKU00051,1
S022,SKU00052,1
S022,SKU00053,1
S022,SKU00056,1
S022,SKU00057,1
S022,SKU00058,1
S022,SKU00059,1
S022,SKU00061,1
S022,SKU00062,1
S022,SKU00063,1
S022,SKU00064,1
S022,SKU00066,1
S022,SKU00068,1
S022,SKU00069,1
S022,SKU00071,1
S022,SKU00074,1
S022,SKU00075,1
S022,SKU00077,1
S022,SKU00078,1
S022,SKU00080,1
S023,SKU00001,1
S023,SKU00002,1
S023,SKU00006,1
S023,SKU00008,1
S023,SKU00011,1
S023,SKU00012,1
S023,SKU00017,1
S023,SKU00018,1
S023,SKU00019,1
S023,SKU00021,1
S023,SKU00023,1
S023,SKU00024,1
S023,SKU00027,1
S023,SKU00028,1
S023,SKU00029,1
S023,SKU00030,1
S023,SKU00031,1
S023,SKU00032,1
S023,SKU00033,1
S023,SKU00036,1
S023,SKU00038,1
S023,SKU00042,1
S023,SKU00043,1
S023,SKU00045,1
S023,SKU00046,1
S023,SKU00047,1
S023,SKU00048,1
S023,SKU00049,1
S023,SKU00050,1
S023,SKU00053,1
S023,SKU00055,1
S023,SKU00058,1
S023,SKU00059,1
S023,SKU00060,1
S023,SKU00061,1
S023,SKU00062,1
S023,SKU00065,1
S023,SKU00066,1
S023,SKU00068,1
S023,SKU00069,1
S023,SKU00070,1
S023,SKU00071,1
S023,SKU00072,1
S023,SKU00074,1
S023,SKU00075,1
S023,SKU00076,1
S023,SKU00077,1
S023,SKU00078,1
S023,SKU00080,1
S024,SKU00001,1
S024,SKU00004,1
S024,SKU00005,1
S024,SKU00007,1
S024,SKU00008,1
S024,SKU00009,1
S024,SKU00010,1
S024,SKU00011,1
S024,SKU00012,1
S024,SKU00013,1
S024,SKU00014,1
S024,SKU00015,1
S024,SKU00016,1
S024,SKU00017,1
S024,SKU00018,1
S024,SKU00019,1
S024,SKU00020,1
S024,SKU00022,1
S024,SKU00023,1
S024,SKU00024,1
S024,SKU00025,1
S024,SKU00026,1
S024,SKU00029,1
S024,SKU00032,1
S024,SKU00033,1
S024,SKU00034,1
S024,SKU00035,1
S024,SKU00038,1
S024,SKU00040,1
S024,SKU00041,1
S024,SKU00045,1
S024,SKU00046,1
S024,SKU00048,1
S024,SKU00051,1
S024,SKU00054,1
S024,SKU00056,1
S024,SKU00057,1
S024,SKU00058,1
S024,SKU00059,1
S024,SKU00061,1
S024,SKU00062,1
S024,SKU00063,1
S024,SKU00064,1
S024,SKU00066,1
S024,SKU00067,1
S024,SKU00069,1
S024,SKU00070,1
S024,SKU00071,1
S024,SKU00074,1
S024,SKU00076,1
S024,SKU00079,1
S024,SKU00080,1
S025,SKU00001,1
S025,SKU00002,1
S025,SKU00003,1
S025,SKU00005,1
S025,SKU00007,1
S025,SKU00008,1
S025,SKU00009,1
S025,SKU00011,1
S025,SKU00012,1
S025,SKU00013,1
S025,SKU00016,1
S025,SKU00017,1
S025,SKU00019,1
S025,SKU00020,1
S025,SKU00021,1
S025,SKU00023,1
S025,SKU00024,1
S025,SKU00025,1
S025,SKU00029,1
S025,SKU00030,1
S025,SKU00031,1
S025,SKU00036,1
S025,SKU00037,1
S025,SKU00038,1
S025,SKU00039,1
S025,SKU00041,1
S025,SKU00043,1
S025,SKU00047,1
S025,SKU00049,1
S025,SKU00050,1
S025,SKU00051,1
S025,SKU00052,1
S025,SKU00053,1
S025,SKU00056,1
S025,SKU00058,1
S025,SKU00059,1
S025,SKU00061,1
S025,SKU00063,1
S025,SKU00066,1
S025,SKU00067,1
S025,SKU00069,1
S025,SKU00071,1
S025,SKU00074,1
S025,SKU00076,1
S025,SKU00077,1
S025,SKU00078,1
S025,SKU00079,1
S026,SKU00001,1
S026,SKU00003,1
S026,SKU00004,1
S026,SKU00005,1
S026,SKU00006,1
S026,SKU00007,1
S026,SKU00008,1
S026,SKU00009,1
S026,SKU00011,1
S026,SKU00014,1
S026,SKU00015,1
S026,SKU00016,1
S026,SKU00017,1
S026,SKU00018,1
S026,SKU00019,1
S026,SKU00021,1
S026,SKU00022,1
S026,SKU00023,1
S026,SKU00024,1
S026,SKU00025,1
S026,SKU00027,1
S026,SKU00030,1
S026,SKU00033,1
S026,SKU00034,1
S026,SKU00035,1
S026,SKU00037,1
S026,SKU00039,1
S026,SKU00041,1
S026,SKU00042,1
S026,SKU00043,1
S026,SKU00044,1
S026,SKU00049,1
S026,SKU00051,1
S026,SKU00053,1
S026,SKU00054,1
S026,SKU00055,1
S026,SKU00056,1
S026,SKU00058,1
S026,SKU00059,1
S026,SKU00060,1
S026,SKU00061,1
S026,SKU00062,1
S026,SKU00063,1
S026,SKU00064,1
S026,SKU00065,1
S026,SKU00067,1
S026,SKU00072,1
S026,SKU00073,1
S026,SKU00074,1
S026,SKU00075,1
S026,SKU00076,1
S026,SKU00078,1
S026,SKU00079,1
S026,SKU00080,1
S027,SKU00001,1
S027,SKU00002,1
S027,SKU00004,1
S027,SKU00010,1
S027,SKU00011,1
S027,SKU00012,1
S027,SKU00013,1
S027,SKU00014,1
S027,SKU00015,1
S027,SKU00016,1
S027,SKU00017,1
S027,SKU00019,1
S027,SKU00021,1
S027,SKU00022,1
S027,SKU00023,1
S027,SKU00024,1
S027,SKU00027,1
S027,SKU00028,1
S027,SKU00029,1
S027,SKU00032,1
S027,SKU00033,1
S027,SKU00035,1
S027,SKU00037,1
S027,SKU00040,1
S027,SKU00041,1
S027,SKU00042,1
S027,SKU00043,1
S027,SKU00045,1
S027,SKU00047,1
S027,SKU00049,1
S027,SKU00052,1
S027,SKU00054,1
S027,SKU00055,1
S027,SKU00057,1
S027,SKU00060,1
S027,SKU00062,1
S027,SKU00063,1
S027,SKU00065,1
S027,SKU00066,1
S027,SKU00068,1
S027,SKU00071,1
S027,SKU00072,1
S027,SKU00075,1
S027,SKU00076,1
S027,SKU00078,1
S027,SKU00080,1
S028,SKU00001,1
S028,SKU00002,1
S028,SKU00003,1
S028,SKU00004,1
S028,SKU00005,1
S028,SKU00006,1
S028,SKU00007,1
S028,SKU00008,1
S028,SKU00009,1
S028,SKU00010,1
S028,SKU00011,1
S028,SKU00012,1
S028,SKU00013,1
S028,SKU00014,1
S028,SKU00015,1
S028,SKU00016,1
S028,SKU00017,1
S028,SKU00018,1
S028,SKU00019,1
S028,SKU00023,1
S028,SKU00024,1
S028,SKU00025,1
S028,SKU00026,1
S028,SKU00027,1
S028,SKU00028,1
S028,SKU00029,1
S028,SKU00030,1
S028,SKU00031,1
S028,SKU00032,1
S028,SKU00033,1
S028,SKU00034,1
S028,SKU00035,1
S028,SKU00036,1
S028,SKU00037,1
S028,SKU00038,1
S028,SKU00039,1
S028,SKU00040,1
S028,SKU00042,1
S028,SKU00043,1
S028,SKU00045,1
S028,SKU00046,1
S028,SKU00050,1
S028,SKU00051,1
S028,SKU00053,1
S028,SKU00054,1
S028,SKU00057,1
S028,SKU00059,1
S028,SKU00060,1
S028,SKU00061,1
S028,SKU00062,1
S028,SKU00064,1
S028,SKU00065,1
S028,SKU00066,1
S028,SKU00067,1
S028,SKU00068,1
S028,SKU00070,1
S028,SKU00072,1
S028,SKU00074,1
S028,SKU00075,1
S028,SKU00079,1
S028,SKU00080,1
S029,SKU00001,1
S029,SKU00002,1
S029,SKU00006,1
S029,SKU00008,1
S029,SKU00009,1
S029,SKU00010,1
S029,SKU00013,1
S029,SKU00015,1
S029,SKU00017,1
S029,SKU00018,1
S029,SKU00019,1
S029,SKU00022,1
S029,SKU00023,1
S029,SKU00024,1
S029,SKU00027,1
S029,SKU00030,1
S029,SKU00031,1
S029,SKU00032,1
S029,SKU00033,1
S029,SKU00034,1
S029,SKU00035,1
S029,SKU00036,1
S029,SKU00037,1
S029,SKU00038,1
S029,SKU00040,1
S029,SKU00041,1
S029,SKU00042,1
S029,SKU00043,1
S029,SKU00044,1
S029,SKU00045,1
S029,SKU00047,1
S029,SKU00049,1
S029,SKU00050,1
S029,SKU00051,1
S029,SKU00052,1
S029,SKU00053,1
S029,SKU00054,1
S029,SKU00055,1
S029,SKU00057,1
S029,SKU00058,1
S029,SKU00060,1
S029,SKU00062,1
S029,SKU00064,1
S029,SKU00066,1
S029,SKU00067,1
S029,SKU00068,1
S029,SKU00069,1
S029,SKU00071,1
S029,SKU00072,1
S029,SKU00073,1
S029,SKU00074,1
S029,SKU00075,1
S029,SKU00076,1
S029,SKU00077,1
S029,SKU00078,1
S029,SKU00079,1
S029,SKU00080,1
S030,SKU00002,1
S030,SKU00005,1
S030,SKU00006,1
S030,SKU00008,1
S030,SKU00009,1
S030,SKU00010,1
S030,SKU00011,1
S030,SKU00013,1
S030,SKU00014,1
S030,SKU00015,1
S030,SKU00016,1
S030,SKU00017,1
S030,SKU00018,1
S030,SKU00020,1
S030,SKU00023,1
S030,SKU00024,1
S030,SKU00025,1
S030,SKU00026,1
S030,SKU00027,1
S030,SKU00028,1
S030,SKU00029,1
S030,SKU00031,1
S030,SKU00032,1
S030,SKU00033,1
S030,SKU00034,1
S030,SKU00035,1
S030,SKU00036,1
S030,SKU00038,1
S030,SKU00040,1
S030,SKU00041,1
S030,SKU00042,1
S030,SKU00043,1
S030,SKU00044,1
S030,SKU00045,1
S030,SKU00046,1
S030,SKU00047,1
S030,SKU00048,1
S030,SKU00051,1
S030,SKU00052,1
S030,SKU00054,1
S030,SKU00056,1
S030,SKU00057,1
S030,SKU00058,1
S030,SKU00060,1
S030,SKU00061,1
S030,SKU00062,1
S030,SKU00063,1
S030,SKU00064,1
S030,SKU00067,1
S030,SKU00068,1
S030,SKU00069,1
S030,SKU00072,1
S030,SKU00074,1
S030,SKU00076,1
S030,SKU00078,1
S031,SKU00001,1
S031,SKU00003,1
S031,SKU00004,1
S031,SKU00006,1
S031,SKU00009,1
S031,SKU00011,1
S031,SKU00012,1
S031,SKU00014,1
S031,SKU00015,1
S031,SKU00016,1
S031,SKU00017,1
S031,SKU00018,1
S031,SKU00019,1
S031,SKU00020,1
S031,SKU00021,1
S031,SKU00022,1
S031,SKU00023,1
S031,SKU00025,1
S031,SKU00026,1
S031,SKU00030,1
S031,SKU00036,1
S031,SKU00038,1
S031,SKU00043,1
S031,SKU00044,1
S031,SKU00045,1
S031,SKU00046,1
S031,SKU00047,1
S031,SKU00048,1
S031,SKU00050,1
S031,SKU00051,1
S031,SKU00052,1
S031,SKU00054,1
S031,SKU00056,1
S031,SKU00057,1
S031,SKU00061,1
S031,SKU00063,1
S031,SKU00064,1
S031,SKU00065,1
S031,SKU00066,1
S031,SKU00067,1
S031,SKU00068,1
S031,SKU00069,1
S031,SKU00071,1
S031,SKU00072,1
S031,SKU00073,1
S031,SKU00074,1
S031,SKU00075,1
S031,SKU00077,1
S031,SKU00078,1
S031,SKU00080,1
S032,SKU00001,1
S032,SKU00003,1
S032,SKU00004,1
S032,SKU00006,1
S032,SKU00008,1
S032,SKU00009,1
S032,SKU00010,1
S032,SKU00012,1
S032,SKU00014,1
S032,SKU00015,1
S032,SKU00017,1
S032,SKU00018,1
S032,SKU00019,1
S032,SKU00021,1
S032,SKU00024,1
S032,SKU00025,1
S032,SKU00026,1
S032,SKU00027,1
S032,SKU00029,1
S032,SKU00033,1
S032,SKU00034,1
S032,SKU00035,1
S032,SKU00036,1
S032,SKU00038,1
S032,SKU00039,1
S032,SKU00041,1
S032,SKU00044,1
S032,SKU00046,1
S032,SKU00047,1
S032,SKU00048,1
S032,SKU00050,1
S032,SKU00052,1
S032,SKU00053,1
S032,SKU00054,1
S032,SKU00057,1
S032,SKU00058,1
S032,SKU00060,1
S032,SKU00061,1
S032,SKU00063,1
S032,SKU00064,1
S032,SKU00065,1
S032,SKU00066,1
S032,SKU00067,1
S032,SKU00068,1
S032,SKU00069,1
S032,SKU00074,1
S032,SKU00075,1
S032,SKU00076,1
S032,SKU00078,1
S032,SKU00079,1
S033,SKU00002,1
S033,SKU00003,1
S033,SKU00004,1
S033,SKU00005,1
S033,SKU00006,1
S033,SKU00010,1
S033,SKU00012,1
S033,SKU00013,1
S033,SKU00018,1
S033,SKU00019,1
S033,SKU00020,1
S033,SKU00021,1
S033,SKU00022,1
S033,SKU00024,1
S033,SKU00025,1
S033,SKU00026,1
S033,SKU00027,1
S033,SKU00029,1
S033,SKU00030,1
S033,SKU00031,1
S033,SKU00032,1
S033,SKU00033,1
S033,SKU00034,1
S033,SKU00035,1
S033,SKU00037,1
S033,SKU00038,1
S033,SKU00039,1
S033,SKU00042,1
S033,SKU00046,1
S033,SKU00047,1
S033,SKU00048,1
S033,SKU00049,1
S033,SKU00050,1
S033,SKU00051,1
S033,SKU00054,1
S033,SKU00057,1
S033,SKU00059,1
S033,SKU00062,1
S033,SKU00063,1
S033,SKU00065,1
S033,SKU00068,1
S033,SKU00070,1
S033,SKU00071,1
S033,SKU00073,1
S033,SKU00074,1
S033,SKU00075,1
S033,SKU00076,1
S033,SKU00077,1
S033,SKU00078,1
S033,SKU00079,1
S033,SKU00080,1
S034,SKU00001,1
S034,SKU00002,1
S034,SKU00004,1
S034,SKU00005,1
S034,SKU00006,1
S034,SKU00008,1
S034,SKU00009,1
S034,SKU00010,1
S034,SKU00011,1
S034,SKU00014,1
S034,SKU00017,1
S034,SKU00018,1
S034,SKU00019,1
S034,SKU00021,1
S034,SKU00022,1
S034,SKU00023,1
S034,SKU00024,1
S034,SKU00026,1
S034,SKU00030,1
S034,SKU00031,1
S034,SKU00032,1
S034,SKU00034,1
S034,SKU00035,1
S034,SKU00036,1
S034,SKU00037,1
S034,SKU00038,1
S034,SKU00039,1
S034,SKU00040,1
S034,SKU00041,1
S034,SKU00042,1
S034,SKU00043,1
S034,SKU00045,1
S034,SKU00048,1
S034,SKU00049,1
S034,SKU00050,1
S034,SKU00051,1
S034,SKU00052,1
S034,SKU00056,1
S034,SKU00060,1
S034,SKU00061,1
S034,SKU00062,1
S034,SKU00063,1
S034,SKU00064,1
S034,SKU00067,1
S034,SKU00070,1
S034,SKU00072,1
S034,SKU00074,1
S034,SKU00075,1
S034,SKU00076,1
S034,SKU00078,1
S034,SKU00079,1
S034,SKU00080,1
S035,SKU00002,1
S035,SKU00003,1
S035,SKU00004,1
S035,SKU00008,1
S035,SKU00009,1
S035,SKU00010,1
S035,SKU00011,1
S035,SKU00013,1
S035,SKU00014,1
S035,SKU00015,1
S035,SKU00016,1
S035,SKU00017,1
S035,SKU00018,1
S035,SKU00020,1
S035,SKU00021,1
S035,SKU00022,1
S035,SKU00023,1
S035,SKU00024,1
S035,SKU00028,1
S035,SKU00030,1
S035,SKU00031,1
S035,SKU00032,1
S035,SKU00033,1
S035,SKU00034,1
S035,SKU00036,1
S035,SKU00038,1
S035,SKU00039,1
S035,SKU00040,1
S035,SKU00042,1
S035,SKU00043,1
S035,SKU00045,1
S035,SKU00046,1
S035,SKU00049,1
S035,SKU00051,1
S035,SKU00052,1
S035,SKU00053,1
S035,SKU00054,1
S035,SKU00055,1
S035,SKU00057,1
S035,SKU00058,1
S035,SKU00060,1
S035,SKU00061,1
S035,SKU00064,1
S035,SKU00065,1
S035,SKU00066,1
S035,SKU00067,1
S035,SKU00068,1
S035,SKU00070,1
S035,SKU00071,1
S035,SKU00073,1
S035,SKU00074,1
S035,SKU00075,1
S035,SKU00076,1
S035,SKU00078,1
S035,SKU00079,1
S035,SKU00080,1
S036,SKU00001,1
S036,SKU00002,1
S036,SKU00003,1
S036,SKU00004,1
S036,SKU00005,1
S036,SKU00006,1
S036,SKU00007,1
S036,SKU00009,1
S036,SKU00010,1
S036,SKU00015,1
S036,SKU00016,1
S036,SKU00017,1
S036,SKU00019,1
S036,SKU00020,1
S036,SKU00021,1
S036,SKU00022,1
S036,SKU00023,1
S036,SKU00026,1
S036,SKU00028,1
S036,SKU00032,1
S036,SKU00034,1
S036,SKU00037,1
S036,SKU00039,1
S036,SKU00042,1
S036,SKU00045,1
S036,SKU00046,1
S036,SKU00050,1
S036,SKU00053,1
S036,SKU00054,1
S036,SKU00055,1
S036,SKU00058,1
S036,SKU00059,1
S036,SKU00060,1
S036,SKU00061,1
S036,SKU00062,1
S036,SKU00063,1
S036,SKU00064,1
S036,SKU00065,1
S036,SKU00067,1
S036,SKU00068,1
S036,SKU00072,1
S036,SKU00073,1
S036,SKU00074,1
S036,SKU00080,1
S037,SKU00002,1
S037,SKU00003,1
S037,SKU00004,1
S037,SKU00005,1
S037,SKU00006,1
S037,SKU00010,1
S037,SKU00011,1
S037,SKU00016,1
S037,SKU00017,1
S037,SKU00018,1
S037,SKU00019,1
S037,SKU00021,1
S037,SKU00025,1
S037,SKU00028,1
S037,SKU00029,1
S037,SKU00032,1
S037,SKU00033,1
S037,SKU00035,1
S037,SKU00037,1
S037,SKU00039,1
S037,SKU00041,1
S037,SKU00043,1
S037,SKU00045,1
S037,SKU00046,1
S037,SKU00047,1
S037,SKU00048,1
S037,SKU00049,1
S037,SKU00050,1
S037,SKU00051,1
S037,SKU00052,1
S037,SKU00056,1
S037,SKU00057,1
S037,SKU00058,1
S037,SKU00059,1
S037,SKU00060,1
S037,SKU00064,1
S037,SKU00065,1
S037,SKU00067,1
S037,SKU00068,1
S037,SKU00070,1
S037,SKU00071,1
S037,SKU00072,1
S037,SKU00074,1
S037,SKU00076,1
S037,SKU00077,1
S037,SKU00078,1
S037,SKU00079,1
S037,SKU00080,1
S038,SKU00002,1
S038,SKU00004,1
S038,SKU00005,1
S038,SKU00006,1
S038,SKU00007,1
S038,SKU00011,1
S038,SKU00012,1
S038,SKU00013,1
S038,SKU00014,1
S038,SKU00015,1
S038,SKU00017,1
S038,SKU00018,1
S038,SKU00019,1
S038,SKU00020,1
S038,SKU00022,1
S038,SKU00023,1
S038,SKU00024,1
S038,SKU00025,1
S038,SKU00026,1
S038,SKU00027,1
S038,SKU00029,1
S038,SKU00030,1
S038,SKU00031,1
S038,SKU00033,1
S038,SKU00034,1
S038,SKU00035,1
S038,SKU00037,1
S038,SKU00038,1
S038,SKU00039,1
S038,SKU00040,1
S038,SKU00041,1
S038,SKU00042,1
S038,SKU00043,1
S038,SKU00046,1
S038,SKU00047,1
S038,SKU00048,1
S038,SKU00050,1
S038,SKU00051,1
S038,SKU00054,1
S038,SKU00055,1
S038,SKU00057,1
S038,SKU00059,1
S038,SKU00060,1
S038,SKU00063,1
S038,SKU00067,1
S038,SKU00068,1
S038,SKU00070,1
S038,SKU00074,1
S038,SKU00075,1
S038,SKU00077,1
S038,SKU00079,1
S039,SKU00001,1
S039,SKU00004,1
S039,SKU00005,1
S039,SKU00006,1
S039,SKU00007,1
S039,SKU00008,1
S039,SKU00009,1
S039,SKU00012,1
S039,SKU00013,1
S039,SKU00014,1
S039,SKU00015,1
S039,SKU00016,1
S039,SKU00017,1
S039,SKU00021,1
S039,SKU00022,1
S039,SKU00023,1
S039,SKU00024,1
S039,SKU00025,1
S039,SKU00026,1
S039,SKU00027,1
S039,SKU00028,1
S039,SKU00029,1
S039,SKU00030,1
S039,SKU00031,1
S039,SKU00032,1
S039,SKU00033,1
S039,SKU00035,1
S039,SKU00037,1
S039,SKU00038,1
S039,SKU00042,1
S039,SKU00044,1
S039,SKU00045,1
S039,SKU00046,1
S039,SKU00048,1
S039,SKU00050,1
S039,SKU00052,1
S039,SKU00054,1
S039,SKU00055,1
S039,SKU00056,1
S039,SKU00057,1
S039,SKU00058,1
S039,SKU00064,1
S039,SKU00065,1
S039,SKU00066,1
S039,SKU00067,1
S039,SKU00068,1
S039,SKU00071,1
S039,SKU00072,1
S039,SKU00075,1
S039,SKU00076,1
S039,SKU00079,1
S040,SKU00001,1
S040,SKU00002,1
S040,SKU00003,1
S040,SKU00004,1
S040,SKU00005,1
S040,SKU00006,1
S040,SKU00007,1
S040,SKU00009,1
S040,SKU00010,1
S040,SKU00011,1
S040,SKU00015,1
S040,SKU00016,1
S040,SKU00017,1
S040,SKU00018,1
S040,SKU00021,1
S040,SKU00023,1
S040,SKU00024,1
S040,SKU00025,1
S040,SKU00028,1
S040,SKU00030,1
S040,SKU00031,1
S040,SKU00032,1
S040,SKU00033,1
S040,SKU00035,1
S040,SKU00037,1
S040,SKU00038,1
S040,SKU00039,1
S040,SKU00040,1
S040,SKU00041,1
S040,SKU00042,1
S040,SKU00045,1
S040,SKU00046,1
S040,SKU00047,1
S040,SKU00050,1
S040,SKU00051,1
S040,SKU00052,1
S040,SKU00053,1
S040,SKU00054,1
S040,SKU00055,1
S040,SKU00057,1
S040,SKU00059,1
S040,SKU00062,1
S040,SKU00063,1
S040,SKU00068,1
S040,SKU00074,1
S040,SKU00075,1
S040,SKU00076,1
S040,SKU00077,1
S040,SKU00079,1
S040,SKU00080,1
S041,SKU00002,1
S041,SKU00003,1
S041,SKU00007,1
S041,SKU00011,1
S041,SKU00012,1
S041,SKU00013,1
S041,SKU00014,1
S041,SKU00017,1
S041,SKU00019,1
S041,SKU00020,1
S041,SKU00021,1
S041,SKU00023,1
S041,SKU00025,1
S041,SKU00026,1
S041,SKU00027,1
S041,SKU00029,1
S041,SKU00031,1
S041,SKU00033,1
S041,SKU00035,1
S041,SKU00037,1
S041,SKU00038,1
S041,SKU00039,1
S041,SKU00041,1
S041,SKU00042,1
S041,SKU00043,1
S041,SKU00044,1
S041,SKU00046,1
S041,SKU00047,1
S041,SKU00050,1
S041,SKU00051,1
S041,SKU00052,1
S041,SKU00053,1
S041,SKU00054,1
S041,SKU00055,1
S041,SKU00057,1
S041,SKU00059,1
S041,SKU00061,1
S041,SKU00062,1
S041,SKU00063,1
S041,SKU00064,1
S041,SKU00066,1
S041,SKU00067,1
S041,SKU00068,1
S041,SKU00069,1
S041,SKU00070,1
S041,SKU00071,1
S041,SKU00073,1
S041,SKU00075,1
S041,SKU00076,1
S041,SKU00078,1
S041,SKU00079,1
S041,SKU00080,1
S042,SKU00001,1
S042,SKU00002,1
S042,SKU00004,1
S042,SKU00005,1
S042,SKU00007,1
S042,SKU00008,1
S042,SKU00011,1
S042,SKU00013,1
S042,SKU00014,1
S042,SKU00017,1
S042,SKU00018,1
S042,SKU00020,1
S042,SKU00022,1
S042,SKU00023,1
S042,SKU00024,1
S042,SKU00026,1
S042,SKU00028,1
S042,SKU00029,1
S042,SKU00030,1
S042,SKU00034,1
S042,SKU00036,1
S042,SKU00037,1
S042,SKU00038,1
S042,SKU00039,1
S042,SKU00040,1
S042,SKU00042,1
S042,SKU00043,1
S042,SKU00046,1
S042,SKU00047,1
S042,SKU00048,1
S042,SKU00050,1
S042,SKU00052,1
S042,SKU00053,1
S042,SKU00054,1
S042,SKU00055,1
S042,SKU00056,1
S042,SKU00057,1
S042,SKU00058,1
S042,SKU00059,1
S042,SKU00061,1
S042,SKU00062,1
S042,SKU00063,1
S042,SKU00064,1
S042,SKU00066,1
S042,SKU00067,1
S042,SKU00072,1
S042,SKU00073,1
S042,SKU00074,1
S042,SKU00076,1
S042,SKU00077,1
S042,SKU00078,1
S042,SKU00080,1
S043,SKU00001,1
S043,SKU00002,1
S043,SKU00003,1
S043,SKU00004,1
S043,SKU00005,1
S043,SKU00007,1
S043,SKU00009,1
S043,SKU00011,1
S043,SKU00014,1
S043,SKU00015,1
S043,SKU00016,1
S043,SKU00017,1
S043,SKU00019,1
S043,SKU00021,1
S043,SKU00022,1
S043,SKU00024,1
S043,SKU00025,1
S043,SKU00028,1
S043,SKU00030,1
S043,SKU00032,1
S043,SKU00034,1
S043,SKU00035,1
S043,SKU00036,1
S043,SKU00039,1
S043,SKU00040,1
S043,SKU00041,1
S043,SKU00042,1
S043,SKU00046,1
S043,SKU00048,1
S043,SKU00049,1
S043,SKU00050,1
S043,SKU00051,1
S043,SKU00052,1
S043,SKU00056,1
S043,SKU00057,1
S043,SKU00060,1
S043,SKU00061,1
S043,SKU00063,1
S043,SKU00065,1
S043,SKU00066,1
S043,SKU00068,1
S043,SKU00070,1
S043,SKU00072,1
S043,SKU00073,1
S043,SKU00074,1
S043,SKU00078,1
S043,SKU00079,1
S043,SKU00080,1
S044,SKU00002,1
S044,SKU00003,1
S044,SKU00004,1
S044,SKU00005,1
S044,SKU00006,1
S044,SKU00007,1
S044,SKU00009,1
S044,SKU00011,1
S044,SKU00012,1
S044,SKU00013,1
S044,SKU00015,1
S044,SKU00016,1
S044,SKU00017,1
S044,SKU00018,1
S044,SKU00019,1
S044,SKU00020,1
S044,SKU00021,1
S044,SKU00022,1
S044,SKU00023,1
S044,SKU00024,1
S044,SKU00027,1
S044,SKU00028,1
S044,SKU00029,1
S044,SKU00030,1
S044,SKU00031,1
S044,SKU00032,1
S044,SKU00033,1
S044,SKU00036,1
S044,SKU00038,1
S044,SKU00039,1
S044,SKU00042,1
S044,SKU00043,1
S044,SKU00045,1
S044,SKU00046,1
S044,SKU00047,1
S044,SKU00050,1
S044,SKU00051,1
S044,SKU00052,1
S044,SKU00054,1
S044,SKU00055,1
S044,SKU00058,1
S044,SKU00059,1
S044,SKU00062,1
S044,SKU00064,1
S044,SKU00067,1
S044,SKU00068,1
S044,SKU00069,1
S044,SKU00070,1
S044,SKU00073,1
S044,SKU00074,1
S044,SKU00076,1
S044,SKU00077,1
S044,SKU00079,1
S044,SKU00080,1
S045,SKU00001,1
S045,SKU00003,1
S045,SKU00004,1
S045,SKU00008,1
S045,SKU00011,1
S045,SKU00012,1
S045,SKU00013,1
S045,SKU00016,1
S045,SKU00021,1
S045,SKU00022,1
S045,SKU00023,1
S045,SKU00024,1
S045,SKU00025,1
S045,SKU00030,1
S045,SKU00032,1
S045,SKU00033,1
S045,SKU00034,1
S045,SKU00035,1
S045,SKU00036,1
S045,SKU00038,1
S045,SKU00041,1
S045,SKU00044,1
S045,SKU00045,1
S045,SKU00046,1
S045,SKU00048,1
S045,SKU00050,1
S045,SKU00051,1
S045,SKU00052,1
S045,SKU00055,1
S045,SKU00057,1
S045,SKU00059,1
S045,SKU00064,1
S045,SKU00065,1
S045,SKU00068,1
S045,SKU00071,1
S045,SKU00074,1
S045,SKU00075,1
S045,SKU00076,1
S045,SKU00077,1
S045,SKU00078,1
S046,SKU00010,1
S046,SKU00011,1
S046,SKU00013,1
S046,SKU00014,1
S046,SKU00016,1
S046,SKU00019,1
S046,SKU00021,1
S046,SKU00022,1
S046,SKU00024,1
S046,SKU00025,1
S046,SKU00026,1
S046,SKU00027,1
S046,SKU00033,1
S046,SKU00035,1
S046,SKU00036,1
S046,SKU00037,1
S046,SKU00038,1
S046,SKU00042,1
S046,SKU00043,1
S046,SKU00044,1
S046,SKU00045,1
S046,SKU00046,1
S046,SKU00047,1
S046,SKU00053,1
S046,SKU00061,1
S046,SKU00064,1
S046,SKU00066,1
S046,SKU00069,1
S046,SKU00072,1
S046,SKU00074,1
S046,SKU00077,1
S046,SKU00080,1
S047,SKU00001,1
S047,SKU00006,1
S047,SKU00014,1
S047,SKU00016,1
S047,SKU00017,1
S047,SKU00018,1
S047,SKU00022,1
S047,SKU00023,1
S047,SKU00024,1
S047,SKU00027,1
S047,SKU00035,1
S047,SKU00037,1
S047,SKU00039,1
S047,SKU00040,1
S047,SKU00043,1
S047,SKU00047,1
S047,SKU00048,1
S047,SKU00052,1
S047,SKU00057,1
S047,SKU00061,1
S047,SKU00062,1
S047,SKU00066,1
S047,SKU00069,1
S047,SKU00073,1
S047,SKU00074,1
S047,SKU00076,1
S047,SKU00077,1
S048,SKU00005,1
S048,SKU00006,1
S048,SKU00007,1
S048,SKU00010,1
S048,SKU00011,1
S048,SKU00013,1
S048,SKU00016,1
S048,SKU00019,1
S048,SKU00022,1
S048,SKU00023,1
S048,SKU00025,1
S048,SKU00026,1
S048,SKU00027,1
S048,SKU00031,1
S048,SKU00035,1
S048,SKU00036,1
S048,SKU00038,1
S048,SKU00042,1
S048,SKU00044,1
S048,SKU00046,1
S048,SKU00047,1
S048,SKU00048,1
S048,SKU00050,1
S048,SKU00060,1
S048,SKU00061,1
S048,SKU00064,1
S048,SKU00067,1
S048,SKU00073,1
S048,SKU00076,1
S049,SKU00002,1
S049,SKU00003,1
S049,SKU00005,1
S049,SKU00006,1
S049,SKU00007,1
S049,SKU00008,1
S049,SKU00010,1
S049,SKU00013,1
S049,SKU00015,1
S049,SKU00020,1
S049,SKU00022,1
S049,SKU00024,1
S049,SKU00028,1
S049,SKU00031,1
S049,SKU00037,1
S049,SKU00038,1
S049,SKU00039,1
S049,SKU00041,1
S049,SKU00042,1
S049,SKU00043,1
S049,SKU00045,1
S049,SKU00046,1
S049,SKU00051,1
S049,SKU00052,1
S049,SKU00054,1
S049,SKU00055,1
S049,SKU00057,1
S049,SKU00059,1
S049,SKU00061,1
S049,SKU00062,1
S049,SKU00063,1
S049,SKU00067,1
S049,SKU00070,1
S049,SKU00071,1
S049,SKU00075,1
S049,SKU00080,1
S050,SKU00002,1
S050,SKU00004,1
S050,SKU00007,1
S050,SKU00008,1
S050,SKU00009,1
S050,SKU00010,1
S050,SKU00014,1
S050,SKU00015,1
S050,SKU00018,1
S050,SKU00021,1
S050,SKU00023,1
S050,SKU00030,1
S050,SKU00031,1
S050,SKU00033,1
S050,SKU00036,1
S050,SKU00041,1
S050,SKU00042,1
S050,SKU00044,1
S050,SKU00046,1
S050,SKU00049,1
S050,SKU00053,1
S050,SKU00054,1
S050,SKU00057,1
S050,SKU00058,1
S050,SKU00059,1
S050,SKU00061,1
S050,SKU00064,1
S050,SKU00065,1
S050,SKU00071,1
S050,SKU00073,1
S050,SKU00074,1
S050,SKU00075,1
S051,SKU00003,1
S051,SKU00004,1
S051,SKU00006,1
S051,SKU00010,1
S051,SKU00012,1
S051,SKU00013,1
S051,SKU00014,1
S051,SKU00017,1
S051,SKU00018,1
S051,SKU00019,1
S051,SKU00020,1
S051,SKU00021,1
S051,SKU00031,1
S051,SKU00034,1
S051,SKU00035,1
S051,SKU00038,1
S051,SKU00039,1
S051,SKU00040,1
S051,SKU00041,1
S051,SKU00042,1
S051,SKU00043,1
S051,SKU00046,1
S051,SKU00047,1
S051,SKU00051,1
S051,SKU00052,1
S051,SKU00053,1
S051,SKU00056,1
S051,SKU00058,1
S051,SKU00060,1
S051,SKU00063,1
S051,SKU00065,1
S051,SKU00066,1
S051,SKU00067,1
S052,SKU00003,1
S052,SKU00004,1
S052,SKU00005,1
S052,SKU00009,1
S052,SKU00010,1
S052,SKU00013,1
S052,SKU00015,1
S052,SKU00016,1
S052,SKU00019,1
S052,SKU00022,1
S052,SKU00024,1
S052,SKU00029,1
S052,SKU00032,1
S052,SKU00033,1
S052,SKU00034,1
S052,SKU00036,1
S052,SKU00037,1
S052,SKU00044,1
S052,SKU00054,1
S052,SKU00055,1
S052,SKU00057,1
S052,SKU00062,1
S052,SKU00064,1
S052,SKU00069,1
S052,SKU00070,1
S052,SKU00072,1
S052,SKU00074,1
S052,SKU00076,1
S052,SKU00079,1
S053,SKU00001,1
S053,SKU00003,1
S053,SKU00005,1
S053,SKU00006,1
S053,SKU00007,1
S053,SKU00009,1
S053,SKU00010,1
S053,SKU00011,1
S053,SKU00012,1
S053,SKU00014,1
S053,SKU00015,1
S053,SKU00017,1
S053,SKU00019,1
S053,SKU00026,1
S053,SKU00029,1
S053,SKU00031,1
S053,SKU00036,1
S053,SKU00037,1
S053,SKU00040,1
S053,SKU00041,1
S053,SKU00042,1
S053,SKU00045,1
S053,SKU00048,1
S053,SKU00050,1
S053,SKU00055,1
S053,SKU00056,1
S053,SKU00058,1
S053,SKU00059,1
S053,SKU00061,1
S053,SKU00065,1
S053,SKU00066,1
S053,SKU00067,1
S053,SKU00068,1
S053,SKU00069,1
S053,SKU00070,1
S053,SKU00072,1
S053,SKU00075,1
S053,SKU00079,1
S053,SKU00080,1
S054,SKU00005,1
S054,SKU00006,1
S054,SKU00007,1
S054,SKU00008,1
S054,SKU00011,1
S054,SKU00012,1
S054,SKU00014,1
S054,SKU00015,1
S054,SKU00016,1
S054,SKU00019,1
S054,SKU00020,1
S054,SKU00021,1
S054,SKU00023,1
S054,SKU00025,1
S054,SKU00028,1
S054,SKU00032,1
S054,SKU00036,1
S054,SKU00043,1
S054,SKU00044,1
S054,SKU00048,1
S054,SKU00049,1
S054,SKU00050,1
S054,SKU00051,1
S054,SKU00054,1
S054,SKU00056,1
S054,SKU00060,1
S054,SKU00062,1
S054,SKU00063,1
S054,SKU00064,1
S054,SKU00065,1
S054,SKU00068,1
S054,SKU00069,1
S054,SKU00071,1
S054,SKU00072,1
S054,SKU00073,1
S054,SKU00075,1
S054,SKU00080,1
S055,SKU00005,1
S055,SKU00006,1
S055,SKU00009,1
S055,SKU00011,1
S055,SKU00012,1
S055,SKU00013,1
S055,SKU00015,1
S055,SKU00016,1
S055,SKU00017,1
S055,SKU00020,1
S055,SKU00021,1
S055,SKU00023,1
S055,SKU00024,1
S055,SKU00029,1
S055,SKU00032,1
S055,SKU00034,1
S055,SKU00036,1
S055,SKU00040,1
S055,SKU00042,1
S055,SKU00046,1
S055,SKU00053,1
S055,SKU00054,1
S055,SKU00056,1
S055,SKU00059,1
S055,SKU00061,1
S055,SKU00064,1
S055,SKU00065,1
S055,SKU00067,1
S055,SKU00068,1
S055,SKU00069,1
S055,SKU00070,1
S055,SKU00072,1
S055,SKU00073,1
S055,SKU00077,1
S055,SKU00078,1
S055,SKU00079,1
S055,SKU00080,1
S056,SKU00005,1
S056,SKU00009,1
S056,SKU00010,1
S056,SKU00016,1
S056,SKU00018,1
S056,SKU00019,1
S056,SKU00023,1
S056,SKU00025,1
S056,SKU00026,1
S056,SKU00027,1
S056,SKU00029,1
S056,SKU00033,1
S056,SKU00034,1
S056,SKU00035,1
S056,SKU00036,1
S056,SKU00037,1
S056,SKU00038,1
S056,SKU00040,1
S056,SKU00041,1
S056,SKU00042,1
S056,SKU00045,1
S056,SKU00049,1
S056,SKU00054,1
S056,SKU00056,1
S056,SKU00058,1
S056,SKU00060,1
S056,SKU00062,1
S056,SKU00064,1
S056,SKU00070,1
S056,SKU00071,1
S056,SKU00073,1
S056,SKU00075,1
S056,SKU00078,1
S056,SKU00080,1
S057,SKU00004,1
S057,SKU00007,1
S057,SKU00008,1
S057,SKU00009,1
S057,SKU00010,1
S057,SKU00013,1
S057,SKU00016,1
S057,SKU00018,1
S057,SKU00020,1
S057,SKU00023,1
S057,SKU00025,1
S057,SKU00029,1
S057,SKU00030,1
S057,SKU00032,1
S057,SKU00033,1
S057,SKU00036,1
S057,SKU00037,1
S057,SKU00039,1
S057,SKU00040,1
S057,SKU00046,1
S057,SKU00049,1
S057,SKU00052,1
S057,SKU00058,1
S057,SKU00059,1
S057,SKU00060,1
S057,SKU00062,1
S057,SKU00065,1
S057,SKU00069,1
S057,SKU00070,1
S057,SKU00071,1
S057,SKU00072,1
S057,SKU00073,1
S057,SKU00075,1
S057,SKU00077,1
S057,SKU00078,1
S058,SKU00003,1
S058,SKU00009,1
S058,SKU00012,1
S058,SKU00013,1
S058,SKU00015,1
S058,SKU00020,1
S058,SKU00023,1
S058,SKU00025,1
S058,SKU00026,1
S058,SKU00027,1
S058,SKU00029,1
S058,SKU00031,1
S058,SKU00032,1
S058,SKU00034,1
S058,SKU00038,1
S058,SKU00039,1
S058,SKU00040,1
S058,SKU00041,1
S058,SKU00042,1
S058,SKU00044,1
S058,SKU00045,1
S058,SKU00046,1
S058,SKU00049,1
S058,SKU00050,1
S058,SKU00054,1
S058,SKU00057,1
S058,SKU00058,1
S058,SKU00060,1
S058,SKU00062,1
S058,SKU00065,1
S058,SKU00066,1
S058,SKU00068,1
S058,SKU00069,1
S058,SKU00074,1
S058,SKU00075,1
S058,SKU00077,1
S058,SKU00078,1
S059,SKU00001,1
S059,SKU00002,1
S059,SKU00007,1
S059,SKU00009,1
S059,SKU00011,1
S059,SKU00012,1
S059,SKU00014,1
S059,SKU00016,1
S059,SKU00019,1
S059,SKU00021,1
S059,SKU00024,1
S059,SKU00025,1
S059,SKU00026,1
S059,SKU00029,1
S059,SKU00031,1
S059,SKU00032,1
S059,SKU00033,1
S059,SKU00037,1
S059,SKU00040,1
S059,SKU00041,1
S059,SKU00043,1
S059,SKU00044,1
S059,SKU00047,1
S059,SKU00051,1
S059,SKU00052,1
S059,SKU00054,1
S059,SKU00055,1
S059,SKU00056,1
S059,SKU00057,1
S059,SKU00058,1
S059,SKU00060,1
S059,SKU00068,1
S059,SKU00070,1
S059,SKU00071,1
S059,SKU00074,1
S059,SKU00075,1
S059,SKU00079,1
S059,SKU00080,1
S060,SKU00001,1
S060,SKU00004,1
S060,SKU00006,1
S060,SKU00007,1
S060,SKU00011,1
S060,SKU00014,1
S060,SKU00017,1
S060,SKU00020,1
S060,SKU00023,1
S060,SKU00024,1
S060,SKU00035,1
S060,SKU00037,1
S060,SKU00038,1
S060,SKU00041,1
S060,SKU00043,1
S060,SKU00044,1
S060,SKU00046,1
S060,SKU00052,1
S060,SKU00055,1
S060,SKU00056,1
S060,SKU00057,1
S060,SKU00059,1
S060,SKU00060,1
S060,SKU00065,1
S060,SKU00070,1
S060,SKU00072,1
S060,SKU00074,1
S060,SKU00076,1
S060,SKU00077,1
S061,SKU00007,1
S061,SKU00010,1
S061,SKU00015,1
S061,SKU00016,1
S061,SKU00017,1
S061,SKU00018,1
S061,SKU00023,1
S061,SKU00025,1
S061,SKU00029,1
S061,SKU00033,1
S061,SKU00036,1
S061,SKU00039,1
S061,SKU00041,1
S061,SKU00046,1
S061,SKU00047,1
S061,SKU00049,1
S061,SKU00051,1
S061,SKU00055,1
S061,SKU00056,1
S061,SKU00061,1
S061,SKU00063,1
S061,SKU00066,1
S061,SKU00070,1
S061,SKU00071,1
S061,SKU00072,1
S061,SKU00074,1
S061,SKU00078,1
S061,SKU00080,1
S062,SKU00004,1
S062,SKU00006,1
S062,SKU00011,1
S062,SKU00012,1
S062,SKU00014,1
S062,SKU00018,1
S062,SKU00020,1
S062,SKU00022,1
S062,SKU00028,1
S062,SKU00032,1
S062,SKU00033,1
S062,SKU00034,1
S062,SKU00035,1
S062,SKU00036,1
S062,SKU00039,1
S062,SKU00040,1
S062,SKU00042,1
S062,SKU00047,1
S062,SKU00055,1
S062,SKU00057,1
S062,SKU00060,1
S062,SKU00061,1
S062,SKU00066,1
S062,SKU00070,1
S062,SKU00071,1
S062,SKU00073,1
S062,SKU00078,1
S063,SKU00001,1
S063,SKU00002,1
S063,SKU00003,1
S063,SKU00005,1
S063,SKU00007,1
S063,SKU00008,1
S063,SKU00010,1
S063,SKU00013,1
S063,SKU00014,1
S063,SKU00015,1
S063,SKU00016,1
S063,SKU00025,1
S063,SKU00030,1
S063,SKU00032,1
S063,SKU00034,1
S063,SKU00038,1
S063,SKU00040,1
S063,SKU00041,1
S063,SKU00046,1
S063,SKU00051,1
S063,SKU00052,1
S063,SKU00055,1
S063,SKU00058,1
S063,SKU00059,1
S063,SKU00060,1
S063,SKU00065,1
S063,SKU00068,1
S063,SKU00073,1
S063,SKU00078,1
S064,SKU00003,1
S064,SKU00007,1
S064,SKU00009,1
S064,SKU00012,1
S064,SKU00014,1
S064,SKU00016,1
S064,SKU00017,1
S064,SKU00018,1
S064,SKU00019,1
S064,SKU00021,1
S064,SKU00022,1
S064,SKU00023,1
S064,SKU00024,1
S064,SKU00027,1
S064,SKU00028,1
S064,SKU00029,1
S064,SKU00030,1
S064,SKU00032,1
S064,SKU00033,1
S064,SKU00034,1
S064,SKU00036,1
S064,SKU00038,1
S064,SKU00041,1
S064,SKU00042,1
S064,SKU00044,1
S064,SKU00050,1
S064,SKU00058,1
S064,SKU00066,1
S064,SKU00067,1
S064,SKU00071,1
S064,SKU00077,1
S064,SKU00079,1
S065,SKU00001,1
S065,SKU00004,1
S065,SKU00005,1
S065,SKU00008,1
S065,SKU00017,1
S065,SKU00018,1
S065,SKU00025,1
S065,SKU00027,1
S065,SKU00035,1
S065,SKU00037,1
S065,SKU00038,1
S065,SKU00041,1
S065,SKU00044,1
S065,SKU00049,1
S065,SKU00050,1
S065,SKU00051,1
S065,SKU00053,1
S065,SKU00055,1
S065,SKU00057,1
S065,SKU00060,1
S065,SKU00064,1
S065,SKU00065,1
S065,SKU00066,1
S065,SKU00069,1
S065,SKU00070,1
S065,SKU00071,1
S065,SKU00073,1
S065,SKU00076,1
S065,SKU00079,1
