store_id,sku,store_soh
S065,SKU00018,10
S016,SKU00051,0
S020,SKU00006,11
S002,SKU00066,0
S018,SKU00029,6
S050,SKU00014,13
S038,SKU00019,18
S005,SKU00058,5
S009,SKU00024,18
S001,SKU00038,15
S016,SKU00028,5
S060,SKU00035,5
S023,SKU00030,1
S008,SKU00071,2
S032,SKU00003,10
S009,SKU00006,9
S005,SKU00016,5
S017,SKU00020,17
S046,SKU00035,10
S022,SKU00040,8
S025,SKU00038,1
S028,SKU00034,18
S013,SKU00045,18
S042,SKU00073,2
S037,SKU00046,12
S022,SKU00011,11
S057,SKU00032,10
S003,SKU00008,12
S011,SKU00003,20
S013,SKU00055,4
S004,SKU00019,15
S014,SKU00037,19
S004,SKU00045,20
S024,SKU00019,7
S024,SKU00045,3
S046,SKU00021,15
S017,SKU00025,6
S046,SKU00043,6
S017,SKU00010,16
S063,SKU00015,15
S047,SKU00040,12
S044,SKU00051,0
S026,SKU00067,2
S026,SKU00064,3
S035,SKU00036,3
S053,SKU00066,3
S029,SKU00060,4
S035,SKU00039,6
S055,SKU00020,5
S005,SKU00070,2
S031,SKU00023,3
S057,SKU00078,0
S032,SKU00034,2
S034,SKU00060,4
S013,SKU00001,1
S017,SKU00029,1
S036,SKU00059,4
S057,SKU00062,3
S035,SKU00058,4
S005,SKU00073,6
S016,SKU00080,0
S024,SKU00001,0
S011,SKU00034,24
S022,SKU00078,7
S001,SKU00031,16
S037,SKU00074,6
S014,SKU00077,4
S006,SKU00024,13
S012,SKU00061,3
S020,SKU00076,11
S021,SKU00074,3
S022,SKU00062,5
S039,SKU00048,6
S030,SKU00028,6
S028,SKU00060,1
S004,SKU00066,8
S024,SKU00066,5
S031,SKU00067,2
S031,SKU00064,1
S028,SKU00027,12
S019,SKU00061,2
S032,SKU00069,0
S060,SKU00056,1
S056,SKU00064,2
S009,SKU00076,7
S023,SKU00019,5
S047,SKU00062,1
S025,SKU00050,4
S008,SKU00017,20
S001,SKU00063,7
S029,SKU00008,6
S039,SKU00027,13
S005,SKU00031,25
S044,SKU00080,1
S008,SKU00030,9
S010,SKU00051,8
S025,SKU00063,4
S022,SKU00024,13
S034,SKU00008,7
S002,SKU00003,24
S014,SKU00004,19
S035,SKU00070,6
S009,SKU00065,3
S021,SKU00020,6
S018,SKU00059,9
S026,SKU00053,5
S001,SKU00015,19
S032,SKU00060,6
S001,SKU00075,7
S007,SKU00023,13
S032,SKU00027,3
S035,SKU00073,5
S037,SKU00025,5
S049,SKU00045,18
S042,SKU00054,0
S063,SKU00041,6
S011,SKU00060,5
S047,SKU00024,9
S049,SKU00055,5
S001,SKU00054,3
S011,SKU00027,5
S044,SKU00005,5
S058,SKU00003,11
S028,SKU00008,7
S033,SKU00003,1
S034,SKU00040,10
S040,SKU00057,7
S012,SKU00044,19
S047,SKU00006,8
S036,SKU00080,7
S040,SKU00018,3
S018,SKU00028,7
S020,SKU00018,1
S002,SKU00034,0
S023,SKU00066,3
S008,SKU00014,11
S005,SKU00015,3
S014,SKU00050,13
S037,SKU00029,7
S014,SKU00042,13
S007,SKU00067,1
S005,SKU00075,4
S006,SKU00023,5
S019,SKU00011,5
S019,SKU00044,15
S039,SKU00008,2
S046,SKU00077,1
S053,SKU00003,0
S054,SKU00023,8
S005,SKU00022,7
S014,SKU00063,4
S035,SKU00031,8
S009,SKU00018,17
S020,SKU00009,24
S045,SKU00024,0
S041,SKU00002,3
S041,SKU00061,0
S052,SKU00079,0
S010,SKU00080,9
S017,SKU00059,6
S036,SKU00005,13
S006,SKU00065,8
S048,SKU00047,14
S002,SKU00069,9
S015,SKU00042,14
S011,SKU00008,26
S012,SKU00078,7
S046,SKU00033,18
S040,SKU00021,6
S008,SKU00019,14
S002,SKU00072,9
S013,SKU00005,18
S030,SKU00048,9
S054,SKU00064,0
S007,SKU00047,1
S012,SKU00062,4
S025,SKU00071,4
S027,SKU00078,5
S063,SKU00030,13
S004,SKU00003,27
S020,SKU00043,0
S019,SKU00078,0
S007,SKU00057,4
S065,SKU00004,2
S042,SKU00007,2
S010,SKU00005,5
S017,SKU00028,13
S019,SKU00062,6
S038,SKU00034,1
S001,SKU00041,16
S035,SKU00015,1
S040,SKU00068,3
S002,SKU00060,11
S020,SKU00068,7
S030,SKU00060,3
S035,SKU00075,5
S051,SKU00006,0
S002,SKU00027,18
S009,SKU00043,17
S030,SKU00027,8
S033,SKU00048,15
S052,SKU00064,2
S047,SKU00076,4
S048,SKU00035,14
S008,SKU00001,16
S062,SKU00055,2
S006,SKU00047,19
S023,SKU00028,0
S020,SKU00012,8
S007,SKU00053,7
S035,SKU00054,4
S059,SKU00060,1
S007,SKU00035,11
S034,SKU00024,5
S009,SKU00068,0
S003,SKU00023,6
S004,SKU00034,23
S006,SKU00057,3
S024,SKU00034,15
S053,SKU00048,1
S046,SKU00042,10
S012,SKU00006,2
S052,SKU00076,0
S041,SKU00011,0
S041,SKU00044,10
S058,SKU00060,0
S005,SKU00007,18
S065,SKU00050,3
S005,SKU00041,19
S008,SKU00066,8
S058,SKU00027,11
S031,SKU00056,7
S007,SKU00021,15
S014,SKU00071,3
S009,SKU00012,15
S026,SKU00039,6
S033,SKU00027,8
S012,SKU00079,7
S042,SKU00020,8
S019,SKU00006,19
S005,SKU00074,5
S057,SKU00018,0
S017,SKU00080,8
S018,SKU00048,4
S013,SKU00069,0
S019,SKU00079,2
S064,SKU00079,6
S026,SKU00058,6
S003,SKU00067,0
S003,SKU00064,7
S037,SKU00059,5
S006,SKU00035,7
S013,SKU00072,9
S015,SKU00022,15
S004,SKU00069,2
S024,SKU00069,0
S030,SKU00008,1
S038,SKU00060,2
S022,SKU00018,0
S001,SKU00030,11
S004,SKU00072,1
S038,SKU00027,0
S025,SKU00017,2
S057,SKU00009,1
S045,SKU00065,4
S006,SKU00021,13
S041,SKU00078,2
S018,SKU00060,4
S025,SKU00030,13
S063,SKU00055,0
S031,SKU00036,6
S005,SKU00049,9
S041,SKU00062,6
S005,SKU00020,5
S022,SKU00009,0
S047,SKU00018,14
S032,SKU00024,0
S056,SKU00036,7
S037,SKU00028,7
S042,SKU00026,7
S002,SKU00040,15
S004,SKU00027,28
S021,SKU00028,0
S003,SKU00047,9
S029,SKU00023,7
S012,SKU00052,3
S005,SKU00010,16
S007,SKU00056,2
S015,SKU00046,13
S063,SKU00001,2
S040,SKU00077,6
S013,SKU00002,8
S013,SKU00061,5
S034,SKU00023,3
S056,SKU00058,4
S012,SKU00076,4
S017,SKU00048,1
S020,SKU00077,0
S027,SKU00052,2
S046,SKU00022,8
S055,SKU00005,15
S019,SKU00052,11
S031,SKU00016,9
S004,SKU00002,7
S026,SKU00073,0
S027,SKU00076,3
S010,SKU00061,7
S019,SKU00076,11
S014,SKU00017,6
S045,SKU00057,0
S037,SKU00003,15
S052,SKU00009,11
S065,SKU00071,7
S014,SKU00030,3
S029,SKU00064,0
S022,SKU00068,5
S029,SKU00067,0
S003,SKU00053,8
S005,SKU00026,1
S023,SKU00048,5
S017,SKU00060,7
S047,SKU00043,2
S028,SKU00023,3
S041,SKU00079,3
S040,SKU00033,1
S043,SKU00035,9
S054,SKU00056,4
S035,SKU00049,4
S040,SKU00004,12
S021,SKU00080,6
S052,SKU00013,15
S008,SKU00003,11
S020,SKU00004,11
S007,SKU00036,1
S060,SKU00046,15
S001,SKU00045,14
S007,SKU00039,9
S038,SKU00040,1
S015,SKU00074,7
S042,SKU00055,3
S039,SKU00023,4
S045,SKU00035,1
S023,SKU00060,2
S046,SKU00046,8
S056,SKU00070,2
S031,SKU00073,0
S023,SKU00027,8
S025,SKU00019,9
S051,SKU00018,13
S028,SKU00065,1
S007,SKU00058,8
S009,SKU00004,12
S056,SKU00073,3
S013,SKU00040,25
S045,SKU00021,2
S014,SKU00014,17
S057,SKU00037,6
S013,SKU00011,21
S013,SKU00044,4
S004,SKU00040,8
S024,SKU00040,4
S007,SKU00016,22
S016,SKU00079,6
S011,SKU00023,13
S054,SKU00036,12
S024,SKU00011,0
S060,SKU00007,9
S008,SKU00034,3
S039,SKU00064,3
S039,SKU00067,2
S040,SKU00042,3
S020,SKU00050,3
S020,SKU00042,6
S015,SKU00020,11
S005,SKU00055,6
S013,SKU00032,6
S019,SKU00018,17
S007,SKU00033,2
S025,SKU00001,7
S032,SKU00065,3
S060,SKU00074,0
S020,SKU00063,5
S051,SKU00013,3
S024,SKU00032,13
S034,SKU00034,3
S037,SKU00048,5
S001,SKU00066,8
S046,SKU00074,6
S015,SKU00025,23
S026,SKU00015,18
S029,SKU00053,1
S021,SKU00048,8
S041,SKU00076,0
S009,SKU00050,6
S011,SKU00065,0
S026,SKU00075,1
S009,SKU00042,7
S015,SKU00010,4
S051,SKU00043,4
S049,SKU00002,8
S023,SKU00008,4
S047,SKU00037,7
S014,SKU00019,20
S025,SKU00066,4
S019,SKU00009,18
S028,SKU00057,4
S064,SKU00009,14
S003,SKU00056,5
S044,SKU00006,16
S034,SKU00035,17
S054,SKU00016,7
S009,SKU00063,2
S013,SKU00078,4
S057,SKU00077,2
S026,SKU00054,2
S043,SKU00056,4
S008,SKU00069,7
S013,SKU00062,7
S037,SKU00060,3
S044,SKU00079,0
S007,SKU00073,5
S006,SKU00033,24
S015,SKU00029,18
S052,SKU00037,5
S034,SKU00021,0
S016,SKU00064,6
S027,SKU00013,5
S048,SKU00042,10
S022,SKU00077,0
S060,SKU00020,4
S055,SKU00061,2
S019,SKU00013,18
S051,SKU00012,3
S032,SKU00047,8
S035,SKU00045,2
S019,SKU00043,3
S016,SKU00052,5
S028,SKU00035,0
S031,SKU00015,7
S032,SKU00057,0
S008,SKU00060,3
S035,SKU00055,4
S031,SKU00075,0
S008,SKU00027,11
S011,SKU00047,8
S046,SKU00025,16
S047,SKU00077,3
S057,SKU00004,7
S005,SKU00051,6
S013,SKU00024,2
S046,SKU00010,10
S056,SKU00075,0
S003,SKU00039,5
S011,SKU00057,7
S054,SKU00073,2
S031,SKU00054,1
S043,SKU00036,11
S039,SKU00035,2
S014,SKU00066,8
S002,SKU00023,20
S043,SKU00039,5
S030,SKU00023,16
S004,SKU00024,5
S024,SKU00024,12
S056,SKU00054,0
S063,SKU00034,4
S006,SKU00042,13
S003,SKU00058,0
S032,SKU00035,0
S020,SKU00071,9
S021,SKU00008,13
S061,SKU00023,10
S044,SKU00052,1
S002,SKU00065,8
S003,SKU00016,26
S010,SKU00079,9
S011,SKU00035,7
S044,SKU00076,4
S058,SKU00023,12
S032,SKU00021,0
S026,SKU00041,4
S043,SKU00016,1
S034,SKU00056,7
S030,SKU00067,1
S030,SKU00064,0
S009,SKU00071,3
S062,SKU00061,1
S008,SKU00008,14
S011,SKU00021,11
S012,SKU00037,18
S022,SKU00050,9
S042,SKU00005,2
S040,SKU00046,0
S036,SKU00064,3
S027,SKU00037,0
S035,SKU00051,1
S048,SKU00022,6
S019,SKU00037,22
S055,SKU00032,14
S005,SKU00080,10
S022,SKU00063,6
S038,SKU00023,1
S025,SKU00003,8
S007,SKU00022,4
S045,SKU00033,2
S051,SKU00038,3
S003,SKU00070,9
S041,SKU00043,4
S049,SKU00062,3
S043,SKU00070,0
S029,SKU00036,5
S053,SKU00065,2
S002,SKU00047,12
S008,SKU00040,20
S018,SKU00023,20
S003,SKU00073,4
S030,SKU00047,5
S010,SKU00064,0
S026,SKU00049,18
S043,SKU00073,1
S053,SKU00067,3
S041,SKU00068,2
S002,SKU00057,8
S015,SKU00059,5
S039,SKU00056,4
S056,SKU00041,7
S055,SKU00078,3
S013,SKU00076,9
S029,SKU00058,0
S054,SKU00015,13
S005,SKU00005,1
S001,SKU00034,1
S010,SKU00052,1
S059,SKU00047,2
S065,SKU00066,0
S041,SKU00012,10
S006,SKU00022,16
S048,SKU00046,3
S059,SKU00057,0
S019,SKU00038,14
S049,SKU00024,12
S063,SKU00002,0
S064,SKU00038,1
S033,SKU00047,0
S016,SKU00013,25
S051,SKU00004,3
S018,SKU00067,0
S018,SKU00064,6
S062,SKU00011,4
S033,SKU00057,3
S011,SKU00056,3
S020,SKU00030,16
S004,SKU00065,2
S049,SKU00006,11
S002,SKU00035,7
S015,SKU00028,12
S030,SKU00035,0
S014,SKU00003,4
S052,SKU00015,0
S050,SKU00065,0
S044,SKU00009,2
S001,SKU00069,4
S060,SKU00059,2
S012,SKU00004,3
S002,SKU00021,25
S062,SKU00032,0
S057,SKU00071,0
S009,SKU00030,12
S001,SKU00072,9
S038,SKU00047,5
S017,SKU00023,7
S052,SKU00054,2
S025,SKU00069,2
S055,SKU00006,8
S019,SKU00004,5
S038,SKU00057,2
S006,SKU00046,0
S028,SKU00016,4
S041,SKU00037,14
S033,SKU00035,8
S022,SKU00071,0
S039,SKU00058,3
S059,SKU00021,6
S044,SKU00013,7
S055,SKU00079,2
S029,SKU00073,5
S040,SKU00025,4
S062,SKU00078,3
S007,SKU00074,6
S014,SKU00034,17
S023,SKU00023,2
S028,SKU00033,13
S020,SKU00014,27
S051,SKU00063,5
S033,SKU00021,6
S013,SKU00018,3
S039,SKU00016,13
S063,SKU00040,12
S003,SKU00015,20
S017,SKU00064,1
S036,SKU00009,15
S008,SKU00024,3
S012,SKU00050,3
S015,SKU00080,1
S024,SKU00057,2
S003,SKU00075,4
S024,SKU00018,7
S038,SKU00035,10
S031,SKU00026,10
S034,SKU00042,9
S003,SKU00022,2
S009,SKU00014,7
S042,SKU00061,6
S006,SKU00007,8
S012,SKU00063,0
S023,SKU00065,4
S019,SKU00050,13
S013,SKU00009,13
S043,SKU00022,11
S050,SKU00057,0
S001,SKU00002,0
S018,SKU00053,1
S054,SKU00007,11
S041,SKU00038,1
S027,SKU00063,3
S063,SKU00032,18
S006,SKU00074,1
S011,SKU00016,4
S026,SKU00055,4
S032,SKU00033,1
S016,SKU00058,10
S019,SKU00063,1
S025,SKU00002,0
S007,SKU00049,12
S010,SKU00009,14
S029,SKU00031,8
S007,SKU00020,0
S014,SKU00048,2
S020,SKU00019,29
S045,SKU00022,6
S030,SKU00056,1
S048,SKU00025,0
S004,SKU00035,17
S024,SKU00035,3
S011,SKU00033,2
S007,SKU00025,8
S062,SKU00006,3
S013,SKU00043,2
S059,SKU00056,3
S007,SKU00010,17
S004,SKU00021,11
S063,SKU00078,3
S009,SKU00019,17
S010,SKU00013,10
S005,SKU00061,0
S061,SKU00056,2
S026,SKU00001,1
S046,SKU00080,5
S014,SKU00060,4
S057,SKU00030,5
S050,SKU00021,17
S013,SKU00068,1
S023,SKU00047,8
S006,SKU00020,7
S015,SKU00048,15
S054,SKU00049,2
S054,SKU00020,9
S021,SKU00023,5
S016,SKU00038,7
S007,SKU00029,17
S056,SKU00045,6
S022,SKU00030,5
S029,SKU00015,0
S017,SKU00053,4
S013,SKU00012,7
S045,SKU00046,11
S016,SKU00070,3
S030,SKU00036,7
S006,SKU00025,9
S007,SKU00026,0
S029,SKU00075,6
S053,SKU00056,0
S001,SKU00040,20
S006,SKU00010,12
S004,SKU00012,12
S024,SKU00012,15
S020,SKU00066,8
S008,SKU00023,0
S039,SKU00031,8
S001,SKU00011,10
S001,SKU00044,17
S047,SKU00017,9
S029,SKU00054,3
S003,SKU00007,16
S026,SKU00051,4
S037,SKU00067,3
S034,SKU00022,9
S037,SKU00064,2
S030,SKU00058,4
S061,SKU00036,1
S043,SKU00007,13
S025,SKU00011,5
S021,SKU00067,0
S023,SKU00053,2
S061,SKU00039,1
S049,SKU00057,0
S041,SKU00050,13
S003,SKU00074,7
S018,SKU00056,0
S001,SKU00032,11
S006,SKU00029,0
S058,SKU00039,5
S033,SKU00039,8
S036,SKU00037,10
S043,SKU00074,0
S008,SKU00065,9
S030,SKU00016,8
S035,SKU00002,0
S035,SKU00061,2
S044,SKU00038,15
S041,SKU00063,1
S023,SKU00021,12
S022,SKU00014,1
S058,SKU00058,4
S005,SKU00044,1
S053,SKU00036,18
S002,SKU00033,13
S013,SKU00037,18
S045,SKU00074,0
S042,SKU00078,7
S059,SKU00016,10
S040,SKU00059,7
S061,SKU00016,1
S001,SKU00078,2
S016,SKU00031,3
S039,SKU00015,11
S042,SKU00062,1
S010,SKU00037,5
S039,SKU00075,1
S031,SKU00051,0
S001,SKU00062,7
S047,SKU00014,2
S064,SKU00041,4
S059,SKU00033,10
S003,SKU00049,13
S003,SKU00020,6
S039,SKU00022,2
S015,SKU00008,8
S043,SKU00049,7
S065,SKU00060,5
S055,SKU00009,8
S018,SKU00039,6
S065,SKU00027,9
S049,SKU00043,13
S033,SKU00033,4
S008,SKU00047,4
S051,SKU00017,7
S017,SKU00056,0
S040,SKU00028,2
S061,SKU00070,2
S005,SKU00078,4
S008,SKU00057,9
S020,SKU00028,25
S018,SKU00058,4
S013,SKU00077,0
S029,SKU00041,9
S028,SKU00046,3
S055,SKU00013,6
S002,SKU00042,28
S001,SKU00024,0
S011,SKU00022,21
S021,SKU00053,5
S045,SKU00025,17
S016,SKU00015,21
S010,SKU00038,12
S035,SKU00011,3
S018,SKU00016,18
S016,SKU00075,7
S025,SKU00024,13
S003,SKU00029,3
S038,SKU00033,1
S012,SKU00017,4
S001,SKU00006,10
S009,SKU00028,20
S033,SKU00073,1
S034,SKU00074,0
S026,SKU00005,4
S003,SKU00026,1
S044,SKU00050,5
S027,SKU00017,11
S016,SKU00054,11
S019,SKU00017,12
S040,SKU00003,1
S062,SKU00018,3
S008,SKU00035,4
S035,SKU00032,4
S041,SKU00071,5
S064,SKU00017,5
S020,SKU00003,14
S063,SKU00065,3
S065,SKU00008,11
S032,SKU00046,16
S028,SKU00007,1
S007,SKU00051,0
S013,SKU00004,14
S017,SKU00036,20
S052,SKU00055,2
S017,SKU00039,5
S004,SKU00033,3
S024,SKU00033,10
S022,SKU00066,4
S051,SKU00014,8
S029,SKU00049,11
S028,SKU00074,0
S011,SKU00046,21
S018,SKU00070,9
S005,SKU00006,10
S009,SKU00003,24
S050,SKU00033,5
S006,SKU00059,3
S039,SKU00007,7
S017,SKU00058,10
S035,SKU00078,2
S005,SKU00079,1
S023,SKU00036,4
S038,SKU00042,6
S047,SKU00066,3
S017,SKU00016,12
S054,SKU00051,0
S010,SKU00031,21
S056,SKU00005,0
S034,SKU00010,6
S030,SKU00015,8
S013,SKU00042,20
S042,SKU00052,2
S032,SKU00074,6
S051,SKU00019,2
S011,SKU00007,0
S006,SKU00028,6
S002,SKU00022,8
S037,SKU00056,2
S042,SKU00076,1
S004,SKU00042,19
S013,SKU00063,9
S036,SKU00015,14
S001,SKU00076,6
S011,SKU00074,5
S061,SKU00015,1
S035,SKU00024,11
S026,SKU00072,0
S028,SKU00025,4
S050,SKU00042,0
S010,SKU00063,0
S016,SKU00041,17
S018,SKU00031,15
S007,SKU00080,6
S028,SKU00010,3
S017,SKU00070,1
S023,SKU00033,1
S012,SKU00019,20
S012,SKU00045,7
S036,SKU00054,2
S020,SKU00048,4
S008,SKU00056,5
S001,SKU00065,3
S041,SKU00017,10
S027,SKU00019,7
S033,SKU00022,4
S027,SKU00045,16
S017,SKU00073,0
S035,SKU00079,6
S019,SKU00019,1
S010,SKU00015,13
S019,SKU00045,13
S005,SKU00052,0
S028,SKU00029,2
S005,SKU00076,4
S009,SKU00048,9
S002,SKU00046,16
S011,SKU00049,16
S037,SKU00039,10
S007,SKU00005,10
S011,SKU00020,19
S020,SKU00060,2
S021,SKU00036,9
S028,SKU00026,4
S032,SKU00025,11
S021,SKU00039,1
S010,SKU00054,10
S006,SKU00080,0
S020,SKU00027,19
S051,SKU00066,0
S054,SKU00080,4
S032,SKU00010,5
S012,SKU00001,17
S038,SKU00022,16
S026,SKU00061,4
S018,SKU00015,9
S037,SKU00058,3
S003,SKU00051,10
S045,SKU00059,7
S014,SKU00023,15
S027,SKU00001,2
S011,SKU00010,11
S021,SKU00058,4
S009,SKU00060,7
S039,SKU00026,7
S043,SKU00051,2
S048,SKU00048,2
S019,SKU00001,15
S063,SKU00068,4
S029,SKU00055,1
S022,SKU00003,0
S009,SKU00027,11
S018,SKU00022,2
S017,SKU00031,1
S033,SKU00046,15
S012,SKU00066,7
S032,SKU00029,0
S042,SKU00018,7
S037,SKU00016,7
S041,SKU00014,7
S001,SKU00057,4
S002,SKU00007,1
S001,SKU00018,9
S021,SKU00016,7
S025,SKU00047,7
S054,SKU00005,6
S027,SKU00066,4
S024,SKU00022,3
S019,SKU00066,11
S011,SKU00029,11
S014,SKU00065,6
S002,SKU00074,10
S048,SKU00060,1
S030,SKU00074,4
S011,SKU00026,12
S014,SKU00067,0
S024,SKU00071,2
S049,SKU00042,12
S059,SKU00007,1
S035,SKU00076,4
S061,SKU00007,2
S061,SKU00041,8
S038,SKU00046,5
S031,SKU00061,0
S020,SKU00008,13
S059,SKU00074,2
S022,SKU00034,9
S006,SKU00048,20
S061,SKU00074,0
S037,SKU00070,2
S021,SKU00070,5
S044,SKU00017,14
S042,SKU00013,13
S041,SKU00019,11
S058,SKU00074,0
S017,SKU00015,9
S033,SKU00074,1
S009,SKU00008,3
S017,SKU00075,7
S044,SKU00030,3
S042,SKU00043,6
S001,SKU00021,18
S010,SKU00041,10
S053,SKU00007,12
S003,SKU00080,6
S015,SKU00064,10
S004,SKU00046,5
S002,SKU00020,9
S001,SKU00043,18
S015,SKU00067,11
S024,SKU00046,1
S026,SKU00011,6
S026,SKU00044,11
S030,SKU00020,7
S043,SKU00080,1
S014,SKU00047,19
S017,SKU00054,7
S025,SKU00021,1
S029,SKU00051,3
S038,SKU00007,8
S025,SKU00043,17
S050,SKU00046,0
S015,SKU00052,4
S014,SKU00057,9
S002,SKU00025,13
S022,SKU00048,10
S038,SKU00074,3
S002,SKU00010,19
S052,SKU00034,0
S061,SKU00049,13
S030,SKU00010,10
S062,SKU00004,16
S018,SKU00007,18
S018,SKU00041,11
S028,SKU00059,6
S036,SKU00017,10
S058,SKU00049,6
S057,SKU00060,1
S005,SKU00013,18
S058,SKU00020,12
S033,SKU00049,7
S003,SKU00005,21
S033,SKU00020,6
S059,SKU00025,10
S018,SKU00074,8
S008,SKU00042,19
S043,SKU00005,2
S051,SKU00003,6
S016,SKU00045,8
S061,SKU00010,14
S002,SKU00029,21
S013,SKU00017,17
S025,SKU00012,13
S030,SKU00029,0
S007,SKU00061,6
S016,SKU00055,8
S026,SKU00078,0
S031,SKU00011,10
S031,SKU00044,11
S028,SKU00051,2
S014,SKU00035,23
S033,SKU00025,9
S035,SKU00018,8
S041,SKU00066,5
S004,SKU00074,10
S022,SKU00027,1
S050,SKU00007,9
S056,SKU00040,13
S013,SKU00030,1
S026,SKU00062,4
S030,SKU00026,0
S033,SKU00010,7
S046,SKU00064,2
S010,SKU00017,9
S052,SKU00069,5
S060,SKU00052,2
S028,SKU00028,11
S050,SKU00074,2
S038,SKU00020,7
S014,SKU00021,19
S059,SKU00029,8
S052,SKU00072,4
S010,SKU00030,14
S006,SKU00008,13
S049,SKU00071,1
S035,SKU00009,5
S023,SKU00046,17
S053,SKU00010,5
S059,SKU00026,8
S047,SKU00027,8
S058,SKU00029,17
S016,SKU00001,4
S018,SKU00049,20
S019,SKU00003,23
S033,SKU00029,7
S018,SKU00020,21
S038,SKU00025,7
S011,SKU00059,2
S042,SKU00037,19
S051,SKU00034,6
S015,SKU00053,8
S058,SKU00026,14
S033,SKU00026,11
S044,SKU00045,10
S045,SKU00048,5
S034,SKU00080,1
S057,SKU00008,18
S026,SKU00024,5
S021,SKU00015,5
S031,SKU00078,5
S044,SKU00055,5
S053,SKU00029,8
S018,SKU00010,18
S011,SKU00051,9
S013,SKU00014,8
S035,SKU00043,8
S053,SKU00026,7
S049,SKU00046,1
S056,SKU00078,3
S026,SKU00006,10
S038,SKU00029,0
S022,SKU00008,13
S004,SKU00025,13
S024,SKU00025,5
S056,SKU00062,4
S024,SKU00014,7
S065,SKU00057,5
S004,SKU00010,19
S011,SKU00028,4
S026,SKU00079,5
S019,SKU00034,0
S035,SKU00068,1
S028,SKU00080,3
S064,SKU00034,9
S005,SKU00037,8
S023,SKU00074,4
S042,SKU00038,4
S057,SKU00040,10
S008,SKU00022,6
S050,SKU00010,6
S036,SKU00045,2
S018,SKU00026,2
S001,SKU00077,7
S046,SKU00053,0
S036,SKU00055,1
S004,SKU00029,10
S014,SKU00056,4
S024,SKU00029,1
S017,SKU00049,18
S061,SKU00055,6
S065,SKU00053,0
S025,SKU00077,3
S012,SKU00069,1
S013,SKU00019,21
S065,SKU00035,5
S012,SKU00072,0
S051,SKU00060,5
S031,SKU00006,10
S034,SKU00048,4
S019,SKU00069,5
S027,SKU00072,6
S054,SKU00044,10
S019,SKU00072,5
S023,SKU00049,12
S010,SKU00055,6
S036,SKU00001,9
S042,SKU00004,15
S003,SKU00061,5
S005,SKU00038,7
S041,SKU00003,4
S062,SKU00071,6
S011,SKU00080,1
S043,SKU00061,2
S015,SKU00056,6
S039,SKU00005,0
S001,SKU00004,11
S045,SKU00008,3
S008,SKU00046,24
S012,SKU00027,11
S055,SKU00017,16
S014,SKU00039,17
S027,SKU00027,8
S026,SKU00076,6
S037,SKU00041,11
S019,SKU00027,9
S030,SKU00051,6
S040,SKU00023,7
S017,SKU00026,2
S021,SKU00041,15
S052,SKU00044,8
S010,SKU00001,18
S018,SKU00055,9
S020,SKU00023,17
S033,SKU00059,0
S012,SKU00002,0
S013,SKU00066,2
S002,SKU00028,28
S023,SKU00029,7
S059,SKU00051,2
S042,SKU00050,7
S027,SKU00002,1
S052,SKU00032,0
S061,SKU00051,2
S008,SKU00007,2
S010,SKU00066,0
S009,SKU00023,3
S001,SKU00042,5
S053,SKU00059,2
S015,SKU00036,8
S014,SKU00016,6
S016,SKU00005,17
S015,SKU00039,3
S020,SKU00065,6
S032,SKU00048,7
S033,SKU00051,0
S042,SKU00063,3
S031,SKU00052,0
S020,SKU00067,0
S035,SKU00038,7
S038,SKU00059,3
S014,SKU00033,10
S007,SKU00079,1
S011,SKU00048,15
S037,SKU00049,0
S015,SKU00058,1
S003,SKU00044,15
S048,SKU00023,3
S021,SKU00049,9
S051,SKU00040,0
S052,SKU00062,1
S041,SKU00069,0
S009,SKU00067,7
S005,SKU00050,6
S015,SKU00016,23
S017,SKU00055,0
S004,SKU00059,0
S002,SKU00080,5
S024,SKU00059,3
S037,SKU00010,13
S005,SKU00063,2
S008,SKU00020,7
S026,SKU00018,4
S012,SKU00040,0
S040,SKU00047,4
S063,SKU00046,6
S020,SKU00047,21
S050,SKU00059,3
S035,SKU00004,13
S046,SKU00036,1
S012,SKU00011,8
S048,SKU00067,6
S027,SKU00040,7
S048,SKU00064,0
S059,SKU00080,6
S020,SKU00057,0
S008,SKU00025,1
S019,SKU00040,10
S041,SKU00027,8
S061,SKU00080,0
S052,SKU00024,17
S027,SKU00011,18
S008,SKU00010,24
S007,SKU00064,2
S026,SKU00009,16
S064,SKU00044,7
S009,SKU00047,22
S015,SKU00070,7
S033,SKU00080,3
S012,SKU00032,22
S030,SKU00005,6
S021,SKU00026,7
S016,SKU00069,0
S007,SKU00052,2
S009,SKU00057,8
S016,SKU00072,0
S027,SKU00032,6
S015,SKU00073,9
S040,SKU00053,0
S064,SKU00032,10
S032,SKU00008,7
S008,SKU00029,17
S020,SKU00053,7
S040,SKU00035,1
S046,SKU00016,15
S053,SKU00080,0
S057,SKU00023,10
S020,SKU00035,0
S031,SKU00018,13
S062,SKU00014,6
S001,SKU00071,7
S026,SKU00043,3
S029,SKU00044,11
S013,SKU00003,14
S056,SKU00018,5
S006,SKU00064,4
S033,SKU00005,8
S002,SKU00048,10
S017,SKU00051,5
S022,SKU00023,8
S009,SKU00053,0
S023,SKU00059,0
S060,SKU00038,0
S009,SKU00035,3
S031,SKU00009,13
S006,SKU00052,2
S018,SKU00080,5
S029,SKU00032,7
S027,SKU00062,1
S057,SKU00065,5
S060,SKU00070,4
S044,SKU00069,1
S056,SKU00009,0
S003,SKU00006,15
S036,SKU00034,1
S009,SKU00021,0
S015,SKU00031,17
S004,SKU00080,4
S047,SKU00023,8
S001,SKU00046,5
S003,SKU00079,3
S016,SKU00002,27
S016,SKU00061,7
S043,SKU00079,0
S021,SKU00055,3
S049,SKU00059,6
S013,SKU00034,10
S065,SKU00073,5
S029,SKU00078,0
S031,SKU00043,9
S018,SKU00005,4
S029,SKU00062,7
S027,SKU00024,0
S063,SKU00025,11
S010,SKU00034,6
S063,SKU00014,7
S019,SKU00024,13
S064,SKU00024,14
S039,SKU00044,11
S038,SKU00048,0
S036,SKU00072,3
S045,SKU00023,1
S049,SKU00028,4
S015,SKU00015,6
S020,SKU00056,3
S042,SKU00017,1
S026,SKU00037,0
S044,SKU00002,16
S006,SKU00053,1
S015,SKU00075,10
S013,SKU00048,14
S007,SKU00009,18
S042,SKU00030,12
S002,SKU00008,20
S022,SKU00057,3
S062,SKU00066,0
S010,SKU00069,1
S025,SKU00074,0
S004,SKU00048,25
S024,SKU00048,7
S015,SKU00054,7
S035,SKU00071,7
S003,SKU00052,8
S010,SKU00072,2
S009,SKU00056,2
S016,SKU00040,16
S014,SKU00046,1
S023,SKU00080,3
S029,SKU00006,0
S043,SKU00052,4
S003,SKU00076,6
S030,SKU00061,0
S037,SKU00051,5
S016,SKU00011,6
S016,SKU00044,23
S045,SKU00064,2
S047,SKU00047,6
S017,SKU00005,13
S021,SKU00051,0
S007,SKU00013,14
S008,SKU00059,8
S013,SKU00060,8
S029,SKU00079,1
S049,SKU00003,11
S047,SKU00057,3
S013,SKU00027,17
S004,SKU00060,3
S022,SKU00053,0
S036,SKU00002,6
S036,SKU00061,4
S005,SKU00017,8
S040,SKU00039,0
S016,SKU00032,5
S020,SKU00036,9
S061,SKU00061,7
S020,SKU00039,0
S005,SKU00030,8
S051,SKU00065,5
S052,SKU00057,6
S042,SKU00014,18
S056,SKU00037,14
S001,SKU00025,24
S014,SKU00007,28
S022,SKU00021,2
S001,SKU00014,1
S008,SKU00028,15
S020,SKU00058,9
S009,SKU00036,13
S006,SKU00013,9
S009,SKU00039,20
S047,SKU00035,0
S025,SKU00025,5
S014,SKU00074,4
S010,SKU00002,14
S028,SKU00079,3
S016,SKU00078,10
S044,SKU00011,14
S040,SKU00016,0
S012,SKU00065,3
S016,SKU00062,0
S020,SKU00016,20
S039,SKU00006,0
S009,SKU00058,6
S026,SKU00004,3
S027,SKU00065,3
S013,SKU00008,19
S044,SKU00032,9
S039,SKU00079,4
S006,SKU00056,5
S031,SKU00038,3
S031,SKU00077,0
S034,SKU00064,0
S034,SKU00067,0
S048,SKU00036,16
S020,SKU00033,14
S015,SKU00041,11
S029,SKU00052,2
S037,SKU00080,7
S025,SKU00029,10
S004,SKU00008,17
S024,SKU00008,6
S018,SKU00061,2
S030,SKU00044,0
S055,SKU00034,7
S009,SKU00016,5
S056,SKU00038,3
S001,SKU00019,11
S029,SKU00076,4
S051,SKU00047,1
S035,SKU00017,3
S034,SKU00052,0
S014,SKU00049,17
S014,SKU00020,20
S050,SKU00008,5
S035,SKU00030,6
S016,SKU00024,26
S007,SKU00037,4
S008,SKU00080,4
S011,SKU00079,0
S028,SKU00067,0
S028,SKU00064,0
S063,SKU00059,0
S003,SKU00009,29
S014,SKU00025,10
S044,SKU00062,2
S037,SKU00005,10
S048,SKU00016,3
S020,SKU00073,2
S016,SKU00006,20
S043,SKU00009,9
S021,SKU00005,11
S014,SKU00010,8
S022,SKU00056,1
S036,SKU00032,3
S031,SKU00004,4
S042,SKU00001,9
S012,SKU00057,0
S010,SKU00040,7
S027,SKU00047,0
S055,SKU00069,1
S006,SKU00036,3
S005,SKU00019,7
S012,SKU00018,11
S005,SKU00045,5
S006,SKU00039,25
S019,SKU00047,2
S026,SKU00063,4
S060,SKU00041,8
S055,SKU00072,3
S010,SKU00044,15
S015,SKU00049,6
S027,SKU00057,3
S051,SKU00035,8
S003,SKU00013,28
S019,SKU00057,4
S009,SKU00073,7
S064,SKU00018,2
S042,SKU00066,6
S014,SKU00029,4
S039,SKU00052,5
S041,SKU00023,19
S006,SKU00058,1
S051,SKU00021,14
S032,SKU00067,6
S032,SKU00064,1
S035,SKU00014,0
S017,SKU00061,0
S010,SKU00032,6
S014,SKU00026,9
S044,SKU00024,13
S039,SKU00076,1
S007,SKU00038,21
S061,SKU00078,1
S036,SKU00062,1
S012,SKU00035,8
S062,SKU00034,5
S011,SKU00067,11
S032,SKU00052,4
S018,SKU00044,11
S007,SKU00070,9
S031,SKU00050,6
S048,SKU00073,1
S005,SKU00001,20
S027,SKU00035,13
S029,SKU00018,7
S019,SKU00035,16
S008,SKU00048,8
S012,SKU00021,16
S056,SKU00042,0
S031,SKU00063,7
S010,SKU00078,2
S012,SKU00043,1
S027,SKU00021,0
S063,SKU00003,13
S005,SKU00066,4
S010,SKU00062,0
S015,SKU00026,16
S019,SKU00021,21
S027,SKU00043,6
S049,SKU00008,0
S028,SKU00053,5
S029,SKU00009,8
S065,SKU00049,3
S012,SKU00068,1
S001,SKU00059,11
S006,SKU00070,6
S057,SKU00033,10
S016,SKU00076,8
S027,SKU00068,6
S036,SKU00006,8
S018,SKU00078,2
S025,SKU00059,0
S019,SKU00068,2
S040,SKU00015,14
S048,SKU00031,7
S065,SKU00025,0
S006,SKU00073,1
S040,SKU00075,1
S029,SKU00013,4
S022,SKU00033,15
S059,SKU00079,6
S027,SKU00012,7
S007,SKU00031,3
S041,SKU00047,0
S029,SKU00043,6
S020,SKU00022,0
S017,SKU00011,15
S017,SKU00044,9
S019,SKU00012,23
S047,SKU00016,13
S064,SKU00012,7
S003,SKU00037,19
S032,SKU00053,2
S041,SKU00057,3
S062,SKU00060,6
S033,SKU00079,1
S045,SKU00036,2
S001,SKU00028,2
S010,SKU00006,21
S046,SKU00026,11
S011,SKU00053,6
S017,SKU00032,14
S015,SKU00045,27
S035,SKU00066,5
S053,SKU00079,2
S007,SKU00063,0
S002,SKU00067,8
S002,SKU00064,3
S015,SKU00055,2
S039,SKU00009,17
S055,SKU00040,5
S028,SKU00013,2
S006,SKU00031,20
S055,SKU00011,0
S052,SKU00033,1
S041,SKU00035,7
S002,SKU00052,1
S014,SKU00059,7
S018,SKU00006,2
S030,SKU00052,1
S031,SKU00071,0
S045,SKU00016,6
S052,SKU00004,2
S001,SKU00003,24
S007,SKU00015,8
S017,SKU00078,1
S020,SKU00046,18
S003,SKU00038,9
S030,SKU00076,0
S007,SKU00075,8
S018,SKU00079,2
S056,SKU00071,3
S039,SKU00013,10
S054,SKU00050,7
S017,SKU00062,0
S041,SKU00021,7
S016,SKU00018,10
S059,SKU00052,3
S014,SKU00051,8
S007,SKU00054,7
S054,SKU00063,4
S063,SKU00060,4
S034,SKU00036,5
S013,SKU00023,12
S060,SKU00055,4
S034,SKU00039,4
S014,SKU00028,23
S016,SKU00009,15
S042,SKU00034,9
S029,SKU00037,4
S006,SKU00015,0
S040,SKU00007,4
S011,SKU00013,17
S012,SKU00077,3
S004,SKU00023,21
S024,SKU00023,5
S036,SKU00065,2
S020,SKU00007,23
S026,SKU00017,2
S040,SKU00041,18
S006,SKU00075,7
S038,SKU00067,3
S054,SKU00075,5
S044,SKU00047,1
S040,SKU00074,3
S026,SKU00030,9
S050,SKU00023,8
S019,SKU00077,4
S020,SKU00074,1
S015,SKU00051,2
S064,SKU00077,4
S062,SKU00040,5
S006,SKU00054,6
S013,SKU00065,1
S054,SKU00054,4
S044,SKU00018,8
S017,SKU00006,28
S021,SKU00011,16
S021,SKU00044,1
S028,SKU00036,0
S060,SKU00001,1
S009,SKU00007,20
S002,SKU00053,7
S028,SKU00039,16
S016,SKU00043,10
S010,SKU00065,5
S003,SKU00031,7
S018,SKU00052,1
S009,SKU00074,11
S004,SKU00067,6
S004,SKU00064,9
S012,SKU00033,26
S024,SKU00064,0
S024,SKU00067,2
S005,SKU00034,4
S042,SKU00072,6
S055,SKU00024,11
S016,SKU00068,3
S029,SKU00038,3
S027,SKU00033,12
S001,SKU00048,15
S063,SKU00008,9
S050,SKU00064,0
S019,SKU00033,14
S031,SKU00017,14
S048,SKU00007,10
S014,SKU00080,1
S003,SKU00050,15
S027,SKU00004,4
S020,SKU00049,4
S020,SKU00020,0
S016,SKU00012,5
S031,SKU00030,13
S026,SKU00014,4
S039,SKU00037,14
S032,SKU00036,8
S007,SKU00041,17
S032,SKU00039,5
S035,SKU00003,9
S003,SKU00063,4
S037,SKU00078,5
S051,SKU00042,4
S034,SKU00070,3
S044,SKU00021,10
S030,SKU00009,16
S021,SKU00078,2
S013,SKU00047,21
S043,SKU00063,4
S020,SKU00025,25
S044,SKU00043,12
S001,SKU00060,6
S011,SKU00036,5
S040,SKU00010,1
S021,SKU00062,2
S047,SKU00022,13
S009,SKU00049,6
S011,SKU00039,1
S013,SKU00057,1
S009,SKU00020,10
S065,SKU00051,0
S005,SKU00069,3
S032,SKU00058,1
S057,SKU00046,10
S005,SKU00072,4
S028,SKU00038,5
S012,SKU00042,5
S043,SKU00015,6
S010,SKU00057,8
S002,SKU00013,20
S044,SKU00068,3
S030,SKU00013,0
S011,SKU00058,10
S042,SKU00002,2
S058,SKU00009,17
S028,SKU00070,3
S017,SKU00052,7
S027,SKU00042,9
S009,SKU00010,9
S006,SKU00041,0
S022,SKU00046,18
S020,SKU00029,2
S064,SKU00050,14
S019,SKU00042,19
S026,SKU00019,4
S064,SKU00042,3
S017,SKU00076,3
S035,SKU00034,12
S044,SKU00012,1
S031,SKU00014,2
S039,SKU00038,10
S020,SKU00026,23
S045,SKU00075,0
S005,SKU00027,5
S002,SKU00056,1
S015,SKU00005,23
S058,SKU00013,14
S009,SKU00029,2
S037,SKU00006,13
S057,SKU00007,4
S033,SKU00013,10
S034,SKU00031,10
S007,SKU00017,21
S048,SKU00010,4
S013,SKU00021,9
S050,SKU00053,5
S029,SKU00050,14
S037,SKU00079,5
S036,SKU00068,1
S001,SKU00008,9
S021,SKU00079,2
S011,SKU00038,17
S005,SKU00002,29
S049,SKU00067,4
S010,SKU00021,16
S041,SKU00033,1
S018,SKU00009,5
S025,SKU00008,2
S010,SKU00043,5
S011,SKU00070,2
S031,SKU00019,8
S022,SKU00074,2
S006,SKU00049,22
S031,SKU00045,12
S038,SKU00013,11
S028,SKU00031,7
S016,SKU00077,0
S048,SKU00026,0
S056,SKU00019,13
S055,SKU00065,0
S011,SKU00073,2
S042,SKU00040,3
S010,SKU00068,6
S002,SKU00036,10
S002,SKU00039,6
S018,SKU00013,12
S042,SKU00011,0
S047,SKU00074,5
S035,SKU00060,0
S057,SKU00020,7
S010,SKU00012,20
S034,SKU00075,2
S065,SKU00005,11
S003,SKU00041,10
S002,SKU00058,3
S017,SKU00018,23
S031,SKU00001,4
S043,SKU00041,2
S012,SKU00071,4
S057,SKU00025,4
S022,SKU00049,13
S019,SKU00022,10
S039,SKU00050,7
S041,SKU00042,10
S057,SKU00010,3
S037,SKU00052,1
S016,SKU00004,0
S027,SKU00071,2
S013,SKU00056,5
S002,SKU00016,11
S051,SKU00046,15
S044,SKU00077,6
S059,SKU00058,4
S028,SKU00015,4
S064,SKU00071,1
S005,SKU00040,24
S037,SKU00076,1
S011,SKU00031,7
S017,SKU00009,17
S022,SKU00025,11
S031,SKU00066,5
S045,SKU00041,9
S004,SKU00056,0
S024,SKU00056,0
S008,SKU00067,0
S008,SKU00064,9
S021,SKU00076,4
S028,SKU00075,6
S022,SKU00010,7
S033,SKU00037,0
S057,SKU00029,11
S028,SKU00054,3
S008,SKU00052,0
S007,SKU00045,14
S020,SKU00059,0
S012,SKU00046,8
S038,SKU00039,11
S030,SKU00038,3
S005,SKU00032,20
S007,SKU00055,2
S029,SKU00071,4
S053,SKU00058,5
S035,SKU00008,3
S022,SKU00029,13
S044,SKU00033,9
S017,SKU00043,2
S019,SKU00046,11
S016,SKU00050,11
S032,SKU00015,4
S039,SKU00054,1
S016,SKU00042,0
S040,SKU00051,5
S022,SKU00026,1
S044,SKU00004,12
S003,SKU00017,26
S009,SKU00059,1
S020,SKU00051,7
S032,SKU00075,4
S013,SKU00039,26
S002,SKU00073,6
S060,SKU00072,3
S043,SKU00017,10
S016,SKU00063,2
S003,SKU00030,20
S015,SKU00002,2
S015,SKU00061,9
S011,SKU00015,9
S017,SKU00068,7
S004,SKU00036,0
S058,SKU00038,0
S059,SKU00070,0
S004,SKU00039,4
S018,SKU00037,29
S043,SKU00030,0
S033,SKU00038,1
S011,SKU00075,7
S006,SKU00045,0
S032,SKU00054,0
S042,SKU00024,7
S007,SKU00001,2
S009,SKU00051,8
S055,SKU00021,10
S050,SKU00036,1
S006,SKU00055,0
S033,SKU00070,1
S035,SKU00040,0
S034,SKU00041,0
S011,SKU00054,7
S010,SKU00077,6
S004,SKU00058,4
S024,SKU00058,5
S026,SKU00003,8
S013,SKU00016,20
S062,SKU00047,3
S036,SKU00004,11
S053,SKU00070,2
S050,SKU00058,0
S021,SKU00018,9
S019,SKU00074,0
S044,SKU00042,2
S055,SKU00068,0
S062,SKU00057,3
S004,SKU00016,17
S024,SKU00016,2
S051,SKU00020,12
S052,SKU00019,11
S013,SKU00033,17
S030,SKU00031,6
S038,SKU00070,4
S064,SKU00030,0
S018,SKU00038,9
S055,SKU00012,9
S046,SKU00061,5
S021,SKU00009,1
S040,SKU00080,3
S051,SKU00010,3
S059,SKU00031,16
S020,SKU00080,6
S010,SKU00004,1
S017,SKU00037,1
S034,SKU00049,2
S026,SKU00034,0
S029,SKU00017,7
S058,SKU00031,9
S062,SKU00035,1
S030,SKU00063,5
S033,SKU00031,10
S015,SKU00011,3
S015,SKU00044,10
S024,SKU00070,0
S031,SKU00003,13
S036,SKU00050,0
S041,SKU00046,6
S036,SKU00042,1
S029,SKU00030,3
S012,SKU00025,17
S012,SKU00014,21
S009,SKU00080,8
S006,SKU00051,5
S004,SKU00073,9
S032,SKU00041,12
S021,SKU00043,9
S036,SKU00063,2
S057,SKU00059,5
S016,SKU00071,7
S003,SKU00045,19
S002,SKU00015,20
S027,SKU00014,9
S040,SKU00005,3
S053,SKU00031,0
S019,SKU00025,14
S015,SKU00032,11
S023,SKU00058,3
S061,SKU00063,2
S020,SKU00005,8
S064,SKU00014,4
S003,SKU00055,2
S019,SKU00010,2
S050,SKU00073,3
S008,SKU00013,23
S001,SKU00023,8
S038,SKU00031,4
S022,SKU00059,1
S010,SKU00050,13
S049,SKU00039,15
S010,SKU00042,3
S012,SKU00029,14
S030,SKU00054,2
S017,SKU00077,5
S025,SKU00023,4
S059,SKU00075,2
S009,SKU00005,15
S041,SKU00007,10
S027,SKU00029,14
S058,SKU00015,1
S045,SKU00055,0
S019,SKU00029,19
S015,SKU00078,1
S034,SKU00026,1
S060,SKU00011,10
S060,SKU00044,0
S062,SKU00012,11
S058,SKU00075,2
S056,SKU00034,5
S022,SKU00051,2
S033,SKU00075,4
S059,SKU00054,4
S015,SKU00062,1
S046,SKU00044,5
S039,SKU00017,2
S004,SKU00031,25
S043,SKU00001,19
S018,SKU00050,28
S023,SKU00038,3
S001,SKU00067,10
S058,SKU00054,0
S064,SKU00019,12
S026,SKU00060,0
S039,SKU00030,8
S033,SKU00054,2
S053,SKU00015,1
S048,SKU00005,14
S026,SKU00027,6
S050,SKU00031,13
S053,SKU00075,1
S023,SKU00070,2
S025,SKU00067,0
S018,SKU00063,7
S055,SKU00077,0
S043,SKU00066,6
S014,SKU00079,6
S038,SKU00015,7
S031,SKU00069,0
S017,SKU00004,24
S038,SKU00075,4
S031,SKU00072,1
S005,SKU00065,0
S037,SKU00037,0
S029,SKU00019,5
S029,SKU00045,14
S041,SKU00020,1
S021,SKU00037,14
S038,SKU00054,3
S042,SKU00047,3
S044,SKU00046,12
S008,SKU00036,16
S008,SKU00039,29
S049,SKU00070,3
S015,SKU00006,15
S001,SKU00047,6
S034,SKU00045,5
S016,SKU00017,18
S042,SKU00057,0
S004,SKU00015,13
S024,SKU00015,7
S013,SKU00022,5
S041,SKU00025,13
S004,SKU00075,9
S015,SKU00079,7
S006,SKU00005,12
S016,SKU00030,6
S002,SKU00041,5
S030,SKU00041,9
S032,SKU00026,4
S045,SKU00051,2
S050,SKU00015,2
S056,SKU00060,6
S064,SKU00066,0
S022,SKU00080,3
S017,SKU00050,21
S056,SKU00027,2
S026,SKU00008,10
S050,SKU00075,0
S004,SKU00054,11
S024,SKU00054,4
S035,SKU00023,4
S023,SKU00031,4
S014,SKU00064,0
S029,SKU00001,4
S010,SKU00071,3
S059,SKU00041,9
S028,SKU00045,5
S017,SKU00063,3
S008,SKU00016,7
S041,SKU00029,2
S050,SKU00054,2
S060,SKU00024,13
S005,SKU00047,15
S021,SKU00038,7
S001,SKU00053,0
S014,SKU00052,3
S058,SKU00041,0
S052,SKU00003,7
S001,SKU00035,13
S005,SKU00057,8
S005,SKU00018,12
S029,SKU00066,1
S060,SKU00006,4
S025,SKU00053,4
S007,SKU00069,6
S035,SKU00065,3
S039,SKU00045,3
S013,SKU00046,14
S007,SKU00072,8
S055,SKU00042,4
S016,SKU00014,15
S039,SKU00055,6
S053,SKU00041,6
S002,SKU00049,1
S019,SKU00059,8
S010,SKU00046,4
S028,SKU00001,5
S008,SKU00070,1
S065,SKU00079,4
S038,SKU00041,0
S030,SKU00017,6
S037,SKU00004,3
S062,SKU00033,12
S005,SKU00035,8
S023,SKU00075,0
S021,SKU00004,8
S034,SKU00051,5
S008,SKU00073,6
S011,SKU00045,21
S015,SKU00076,6
S012,SKU00028,15
S054,SKU00069,6
S039,SKU00001,13
S011,SKU00055,0
S013,SKU00007,11
S054,SKU00072,1
S005,SKU00021,22
S061,SKU00017,1
S027,SKU00028,3
S048,SKU00061,2
S016,SKU00019,22
S005,SKU00043,12
S019,SKU00028,15
S004,SKU00007,24
S024,SKU00007,7
S064,SKU00028,5
S004,SKU00041,6
S013,SKU00074,6
S024,SKU00041,2
S047,SKU00048,16
S014,SKU00053,4
S035,SKU00057,5
S039,SKU00066,3
S063,SKU00058,1
S024,SKU00074,3
S002,SKU00026,16
S050,SKU00041,1
S005,SKU00068,6
S049,SKU00022,10
S037,SKU00050,12
S011,SKU00001,21
S017,SKU00071,1
S065,SKU00064,4
S012,SKU00003,17
S008,SKU00031,5
S063,SKU00016,1
S062,SKU00042,13
S044,SKU00029,6
S001,SKU00056,2
S003,SKU00034,14
S005,SKU00012,4
S060,SKU00076,2
S021,SKU00063,2
S043,SKU00034,7
S064,SKU00003,8
S025,SKU00056,5
S013,SKU00049,13
S006,SKU00002,21
S013,SKU00020,9
S044,SKU00019,3
S018,SKU00017,21
S004,SKU00049,24
S024,SKU00020,0
S016,SKU00066,11
S035,SKU00021,15
S018,SKU00030,0
S041,SKU00059,0
S013,SKU00025,0
S015,SKU00018,11
S050,SKU00049,4
S013,SKU00010,8
S003,SKU00069,0
S002,SKU00045,16
S014,SKU00013,21
S048,SKU00044,14
S010,SKU00025,10
S030,SKU00045,4
S007,SKU00040,16
S003,SKU00072,1
S010,SKU00014,6
S008,SKU00015,22
S024,SKU00010,7
S001,SKU00036,23
S038,SKU00026,6
S063,SKU00073,0
S002,SKU00055,1
S043,SKU00072,4
S008,SKU00075,4
S007,SKU00011,12
S007,SKU00044,1
S015,SKU00009,19
S034,SKU00005,9
S042,SKU00077,4
S025,SKU00036,4
S036,SKU00019,9
S025,SKU00039,0
S055,SKU00046,14
S008,SKU00054,7
S001,SKU00058,2
S013,SKU00026,7
S059,SKU00055,1
S007,SKU00032,14
S058,SKU00045,9
S049,SKU00007,0
S004,SKU00026,5
S024,SKU00026,1
S015,SKU00013,18
S025,SKU00058,6
S012,SKU00048,0
S029,SKU00034,6
S017,SKU00017,21
S001,SKU00016,20
S028,SKU00005,1
S015,SKU00043,19
S010,SKU00019,5
S062,SKU00022,3
S006,SKU00011,8
S006,SKU00044,11
S054,SKU00011,8
S053,SKU00045,6
S019,SKU00048,18
S025,SKU00016,12
S040,SKU00006,2
S021,SKU00071,0
S001,SKU00033,2
S003,SKU00002,6
S059,SKU00001,1
S005,SKU00077,2
S007,SKU00078,10
S053,SKU00055,0
S015,SKU00068,10
S043,SKU00002,2
S040,SKU00079,7
S012,SKU00060,1
S023,SKU00017,4
S007,SKU00062,4
S006,SKU00032,12
S054,SKU00032,6
S026,SKU00023,0
S038,SKU00055,3
S027,SKU00060,4
S014,SKU00036,27
S015,SKU00012,11
S018,SKU00019,26
S018,SKU00045,0
S019,SKU00060,4
S029,SKU00069,3
S041,SKU00080,2
S001,SKU00070,1
S061,SKU00066,1
S002,SKU00051,7
S044,SKU00059,0
S064,SKU00027,11
S029,SKU00072,0
S049,SKU00020,0
S058,SKU00066,4
S009,SKU00079,5
S053,SKU00001,5
S001,SKU00073,0
S046,SKU00013,8
S005,SKU00033,25
S034,SKU00072,1
S011,SKU00005,0
S014,SKU00058,1
S006,SKU00078,3
S060,SKU00043,16
S017,SKU00014,15
S026,SKU00065,2
S005,SKU00004,9
S042,SKU00042,5
S006,SKU00062,11
S007,SKU00024,13
S053,SKU00019,3
S054,SKU00062,0
S008,SKU00041,16
S048,SKU00006,0
S049,SKU00010,11
S016,SKU00003,12
S029,SKU00027,8
S007,SKU00006,1
S018,SKU00001,10
S044,SKU00028,5
S020,SKU00064,4
S028,SKU00072,0
S012,SKU00008,0
S015,SKU00037,11
S056,SKU00023,10
S043,SKU00040,8
S040,SKU00052,2
S003,SKU00011,11
S020,SKU00052,0
S018,SKU00066,1
S029,SKU00002,9
S043,SKU00011,3
S014,SKU00038,3
S019,SKU00008,11
S040,SKU00076,6
S017,SKU00019,19
S017,SKU00045,0
S009,SKU00064,1
S013,SKU00059,5
S037,SKU00017,5
S035,SKU00016,17
S038,SKU00051,5
S031,SKU00065,5
S039,SKU00072,4
S005,SKU00042,9
S021,SKU00017,9
S034,SKU00002,3
S034,SKU00061,6
S014,SKU00070,5
S025,SKU00031,15
S016,SKU00034,13
S003,SKU00032,25
S006,SKU00006,24
S021,SKU00030,2
S045,SKU00011,0
S010,SKU00059,11
S043,SKU00032,1
S008,SKU00049,8
S044,SKU00003,6
S045,SKU00044,10
S035,SKU00033,4
S054,SKU00006,8
S055,SKU00029,8
S014,SKU00073,10
S036,SKU00028,6
S006,SKU00079,4
S013,SKU00051,5
S023,SKU00045,16
S011,SKU00069,0
S023,SKU00055,0
S045,SKU00032,12
S024,SKU00051,4
S015,SKU00038,12
S015,SKU00077,4
S060,SKU00037,11
S011,SKU00072,4
S013,SKU00028,20
S028,SKU00002,9
S028,SKU00061,7
S017,SKU00001,9
S003,SKU00078,8
S046,SKU00037,10
S002,SKU00005,14
S043,SKU00078,2
S003,SKU00062,8
S062,SKU00020,7
S065,SKU00037,6
S048,SKU00076,1
S010,SKU00028,11
S026,SKU00035,4
S042,SKU00022,1
S016,SKU00048,2
S031,SKU00047,4
S036,SKU00003,8
S017,SKU00066,5
S001,SKU00022,2
S063,SKU00007,6
S007,SKU00076,1
S045,SKU00078,5
S023,SKU00001,9
S029,SKU00040,6
S031,SKU00057,4
S026,SKU00021,4
S014,SKU00031,8
S008,SKU00026,26
S035,SKU00042,15
S032,SKU00061,0
S015,SKU00004,18
S007,SKU00065,7
S016,SKU00060,6
S034,SKU00011,1
S060,SKU00077,0
S030,SKU00034,7
S010,SKU00003,10
S043,SKU00024,10
S046,SKU00038,10
S011,SKU00002,13
S011,SKU00061,7
S053,SKU00005,10
S013,SKU00080,5
S065,SKU00038,1
S006,SKU00076,4
S040,SKU00009,14
S034,SKU00032,2
S037,SKU00019,0
S037,SKU00045,16
S042,SKU00046,11
S021,SKU00019,0
S024,SKU00080,4
S021,SKU00045,1
S028,SKU00040,13
S065,SKU00070,1
S005,SKU00071,5
S038,SKU00005,4
S056,SKU00035,14
S058,SKU00034,9
S057,SKU00052,0
S028,SKU00011,2
S031,SKU00021,16
S033,SKU00034,8
S014,SKU00015,12
S022,SKU00064,2
S054,SKU00065,0
S014,SKU00075,5
S030,SKU00069,4
S009,SKU00009,0
S060,SKU00004,10
S008,SKU00045,1
S020,SKU00013,18
S030,SKU00072,0
S034,SKU00078,5
S022,SKU00052,4
S044,SKU00027,1
S028,SKU00032,11
S015,SKU00063,0
S014,SKU00054,10
S063,SKU00010,13
S008,SKU00055,7
S031,SKU00068,3
S004,SKU00005,10
S024,SKU00005,4
S034,SKU00062,4
S049,SKU00051,0
S026,SKU00056,2
S016,SKU00008,16
S055,SKU00059,6
S005,SKU00046,7
S001,SKU00007,23
S061,SKU00072,3
S058,SKU00069,4
S042,SKU00074,5
S031,SKU00012,12
S039,SKU00032,7
S032,SKU00044,9
S047,SKU00052,3
S011,SKU00040,20
S025,SKU00007,5
S025,SKU00041,16
S035,SKU00022,15
S029,SKU00024,0
S011,SKU00011,16
S011,SKU00044,4
S028,SKU00062,2
S036,SKU00060,1
S053,SKU00069,0
S010,SKU00048,15
S048,SKU00013,4
S053,SKU00072,5
S006,SKU00018,17
S002,SKU00002,27
S017,SKU00003,1
S030,SKU00002,10
S011,SKU00032,3
S034,SKU00006,0
S007,SKU00043,8
S045,SKU00052,2
S056,SKU00056,2
S034,SKU00079,2
S006,SKU00009,17
S001,SKU00049,8
S018,SKU00069,11
S032,SKU00078,1
S001,SKU00020,7
S003,SKU00065,9
S059,SKU00002,11
S010,SKU00027,4
S045,SKU00076,0
S018,SKU00072,4
S028,SKU00024,2
S043,SKU00065,1
S008,SKU00051,9
S049,SKU00080,2
S035,SKU00046,5
S012,SKU00023,14
S025,SKU00049,12
S007,SKU00068,10
S025,SKU00020,3
S033,SKU00002,2
S040,SKU00037,12
S014,SKU00041,19
S028,SKU00006,7
S020,SKU00037,27
S027,SKU00023,0
S011,SKU00062,11
S051,SKU00067,2
S001,SKU00010,6
S019,SKU00023,11
S017,SKU00034,13
S026,SKU00016,2
S015,SKU00071,6
S064,SKU00023,15
S039,SKU00024,7
S007,SKU00012,21
S054,SKU00021,0
S053,SKU00061,1
S006,SKU00043,16
S051,SKU00052,1
S054,SKU00043,3
S018,SKU00027,15
S055,SKU00080,3
S042,SKU00029,12
S026,SKU00033,11
S009,SKU00037,2
S049,SKU00005,5
S038,SKU00002,8
S012,SKU00067,10
S001,SKU00029,5
S057,SKU00013,4
S006,SKU00068,0
S030,SKU00040,0
S054,SKU00068,0
S005,SKU00025,25
S001,SKU00026,7
S062,SKU00028,2
S005,SKU00014,13
S002,SKU00044,14
S011,SKU00024,6
S019,SKU00067,3
S019,SKU00064,7
S018,SKU00002,3
S030,SKU00011,6
S032,SKU00006,12
S035,SKU00074,1
S003,SKU00057,8
S064,SKU00067,0
S010,SKU00008,7
S017,SKU00069,2
S003,SKU00018,20
S040,SKU00038,0
S006,SKU00012,2
S022,SKU00013,7
S043,SKU00057,0
S054,SKU00012,5
S020,SKU00038,2
S059,SKU00040,13
S032,SKU00079,4
S017,SKU00072,2
S011,SKU00006,11
S034,SKU00076,0
S004,SKU00061,8
S024,SKU00061,3
S002,SKU00032,2
S059,SKU00011,0
S059,SKU00044,1
S030,SKU00032,9
S020,SKU00070,10
S058,SKU00040,5
S056,SKU00016,12
S005,SKU00029,25
S023,SKU00069,2
S050,SKU00002,0
S021,SKU00003,3
S009,SKU00038,6
S050,SKU00061,4
S058,SKU00044,10
S026,SKU00042,5
S023,SKU00072,2
S059,SKU00032,10
S056,SKU00033,2
S053,SKU00040,2
S051,SKU00053,1
S035,SKU00020,11
S002,SKU00078,1
S058,SKU00032,3
S030,SKU00078,0
S063,SKU00051,4
S033,SKU00032,0
S053,SKU00011,11
S003,SKU00021,15
S030,SKU00062,0
S008,SKU00005,2
S048,SKU00038,16
S006,SKU00037,0
S043,SKU00021,7
S065,SKU00041,2
S003,SKU00043,18
S015,SKU00017,13
S038,SKU00011,12
S057,SKU00036,10
S017,SKU00002,5
S057,SKU00039,10
S035,SKU00010,12
S015,SKU00030,2
S007,SKU00077,4
S012,SKU00053,2
S018,SKU00040,20
S021,SKU00034,0
S045,SKU00013,4
S040,SKU00031,16
S029,SKU00047,10
S058,SKU00078,2
S003,SKU00068,0
S018,SKU00011,17
S020,SKU00031,16
S033,SKU00078,3
S043,SKU00068,4
S019,SKU00053,4
S029,SKU00057,6
S058,SKU00062,3
S057,SKU00058,0
S032,SKU00076,5
S033,SKU00062,2
S039,SKU00065,5
S023,SKU00002,14
S023,SKU00061,3
S003,SKU00012,21
S004,SKU00011,12
S004,SKU00044,13
S030,SKU00024,15
S040,SKU00050,4
S041,SKU00064,3
S041,SKU00067,1
S018,SKU00032,27
S034,SKU00018,6
S022,SKU00037,2
S009,SKU00031,10
S045,SKU00068,4
S057,SKU00016,8
S022,SKU00058,0
S064,SKU00021,13
S002,SKU00006,6
S006,SKU00038,22
S006,SKU00077,1
S030,SKU00006,2
S040,SKU00063,2
S042,SKU00059,3
S041,SKU00052,1
S047,SKU00039,0
S050,SKU00044,15
S060,SKU00017,0
S016,SKU00023,16
S059,SKU00024,11
S004,SKU00032,27
S007,SKU00004,24
S021,SKU00069,6
S037,SKU00072,3
S045,SKU00012,1
S002,SKU00079,8
S015,SKU00014,3
S021,SKU00072,6
S034,SKU00009,0
S029,SKU00035,9
S049,SKU00061,2
S065,SKU00017,3
S033,SKU00024,4
S014,SKU00045,20
S026,SKU00022,11
S052,SKU00036,10
S028,SKU00018,1
S020,SKU00015,14
S014,SKU00055,5
S017,SKU00040,17
S018,SKU00062,6
S020,SKU00075,2
S001,SKU00051,0
S016,SKU00065,9
S051,SKU00056,0
S033,SKU00006,6
S008,SKU00072,7
S057,SKU00070,4
S004,SKU00078,4
S042,SKU00028,12
S040,SKU00054,0
S016,SKU00067,8
S048,SKU00050,12
S039,SKU00057,0
S022,SKU00038,5
S020,SKU00054,8
S004,SKU00062,0
S024,SKU00062,1
S025,SKU00051,3
S006,SKU00004,18
S028,SKU00009,1
S009,SKU00015,9
S034,SKU00043,11
S005,SKU00059,8
S057,SKU00073,4
S063,SKU00005,6
S009,SKU00075,0
S007,SKU00050,6
S038,SKU00024,3
S053,SKU00006,6
S007,SKU00042,20
S029,SKU00068,3
S044,SKU00023,17
S012,SKU00056,7
S014,SKU00001,1
S052,SKU00016,2
S023,SKU00011,7
S060,SKU00014,0
S032,SKU00018,7
S037,SKU00002,4
S009,SKU00054,4
S038,SKU00006,11
S018,SKU00024,10
S021,SKU00002,6
S046,SKU00014,16
S031,SKU00022,11
S019,SKU00056,2
S041,SKU00053,2
S038,SKU00079,2
S028,SKU00043,1
S023,SKU00032,1
S005,SKU00028,11
S016,SKU00047,11
S032,SKU00009,11
S051,SKU00039,9
S003,SKU00077,0
S044,SKU00067,3
S044,SKU00064,5
S006,SKU00050,7
S008,SKU00002,22
S008,SKU00061,7
S047,SKU00073,7
S016,SKU00057,9
S039,SKU00021,16
S004,SKU00006,4
S013,SKU00079,0
S015,SKU00001,8
S028,SKU00068,5
S036,SKU00023,11
S042,SKU00080,4
S011,SKU00009,22
S052,SKU00070,1
S006,SKU00063,2
S051,SKU00058,4
S001,SKU00080,7
S004,SKU00079,7
S024,SKU00079,4
S012,SKU00036,26
S023,SKU00078,1
S012,SKU00039,21
S045,SKU00038,6
S026,SKU00007,3
S028,SKU00012,17
S045,SKU00077,3
S046,SKU00019,4
S022,SKU00031,9
S046,SKU00045,13
S015,SKU00066,5
S023,SKU00062,2
S039,SKU00068,4
S031,SKU00046,12
S033,SKU00076,6
S019,SKU00036,21
S005,SKU00003,0
S026,SKU00074,5
S064,SKU00036,5
S019,SKU00039,2
S003,SKU00033,9
S020,SKU00041,8
S010,SKU00023,1
S012,SKU00058,5
S016,SKU00035,12
S065,SKU00055,2
S017,SKU00024,6
S003,SKU00004,14
S034,SKU00037,5
S036,SKU00067,1
S039,SKU00012,6
S032,SKU00068,3
S021,SKU00040,11
S043,SKU00004,9
S058,SKU00065,0
S001,SKU00005,2
S033,SKU00065,2
S037,SKU00011,5
S041,SKU00013,0
S019,SKU00058,8
S016,SKU00021,24
S064,SKU00058,0
S012,SKU00016,16
S009,SKU00041,24
S011,SKU00068,1
S013,SKU00067,0
S013,SKU00064,6
S025,SKU00005,10
S032,SKU00012,10
S035,SKU00028,1
S057,SKU00075,2
S045,SKU00004,15
S023,SKU00024,6
S027,SKU00016,12
S007,SKU00071,9
S019,SKU00016,12
S037,SKU00032,10
S065,SKU00001,1
S064,SKU00016,13
S010,SKU00067,1
S013,SKU00052,2
S022,SKU00015,12
S011,SKU00012,19
S028,SKU00037,11
S042,SKU00048,6
S008,SKU00044,13
S030,SKU00057,4
S022,SKU00075,0
S002,SKU00018,5
S023,SKU00006,7
S029,SKU00077,5
S030,SKU00018,0
S031,SKU00074,4
S046,SKU00066,3
S004,SKU00052,7
S064,SKU00033,6
S003,SKU00042,10
S034,SKU00038,6
S043,SKU00050,14
S026,SKU00025,4
S004,SKU00076,1
S024,SKU00076,3
S043,SKU00042,14
S061,SKU00047,1
S012,SKU00070,10
S008,SKU00032,11
S018,SKU00065,2
S040,SKU00017,0
S002,SKU00009,19
S020,SKU00017,0
S061,SKU00018,7
S006,SKU00071,5
S007,SKU00046,15
S012,SKU00073,7
S040,SKU00030,0
S019,SKU00070,2
S054,SKU00071,1
S045,SKU00050,5
S058,SKU00057,2
S033,SKU00018,7
S029,SKU00033,2
S010,SKU00047,24
S014,SKU00005,21
S005,SKU00048,4
S019,SKU00073,9
S035,SKU00080,0
S059,SKU00009,3
S009,SKU00017,24
S031,SKU00020,5
S036,SKU00053,1
S011,SKU00037,12
S051,SKU00031,12
S016,SKU00056,2
S041,SKU00039,10
S052,SKU00022,7
S008,SKU00062,6
S056,SKU00049,4
S034,SKU00004,5
S030,SKU00043,8
S031,SKU00025,0
S013,SKU00053,9
S038,SKU00018,16
S036,SKU00021,14
S005,SKU00060,2
S018,SKU00047,15
S056,SKU00025,3
S002,SKU00068,7
S015,SKU00003,12
S053,SKU00009,1
S030,SKU00068,0
S012,SKU00031,19
S059,SKU00043,9
S056,SKU00010,3
S010,SKU00053,5
S018,SKU00057,1
S018,SKU00018,20
S017,SKU00065,11
S010,SKU00035,4
S032,SKU00038,5
S042,SKU00008,4
S023,SKU00076,3
S028,SKU00004,8
S002,SKU00012,13
S019,SKU00031,22
S029,SKU00042,11
S055,SKU00023,10
S007,SKU00030,16
S059,SKU00068,2
S004,SKU00018,18
S011,SKU00077,9
S016,SKU00036,2
S034,SKU00050,7
S039,SKU00033,11
S016,SKU00039,19
S056,SKU00029,5
S058,SKU00068,7
S008,SKU00006,5
S033,SKU00068,0
S039,SKU00004,8
S050,SKU00018,11
S001,SKU00061,1
S056,SKU00026,9
S059,SKU00012,16
S049,SKU00052,0
S034,SKU00063,4
S003,SKU00071,7
S018,SKU00035,15
S008,SKU00079,4
S015,SKU00034,7
S004,SKU00009,19
S024,SKU00009,5
S014,SKU00069,4
S058,SKU00012,3
S025,SKU00061,3
S006,SKU00017,0
S038,SKU00043,4
S033,SKU00012,3
S040,SKU00045,10
S041,SKU00070,0
S014,SKU00072,9
S020,SKU00045,0
S053,SKU00068,4
S012,SKU00015,18
S032,SKU00004,0
S055,SKU00064,3
S055,SKU00067,2
S018,SKU00021,20
S006,SKU00030,12
S040,SKU00055,4
S005,SKU00008,14
S050,SKU00009,10
S012,SKU00075,9
S028,SKU00050,10
S013,SKU00013,15
S028,SKU00042,10
S057,SKU00049,6
S017,SKU00047,9
S018,SKU00043,24
S027,SKU00015,5
S041,SKU00073,0
S016,SKU00016,11
S045,SKU00071,6
S012,SKU00022,15
S038,SKU00068,5
S019,SKU00015,6
S053,SKU00012,15
S002,SKU00037,0
S007,SKU00014,21
S027,SKU00075,1
S004,SKU00013,17
S017,SKU00057,8
S024,SKU00013,0
S012,SKU00054,1
S019,SKU00075,9
S009,SKU00045,14
S027,SKU00022,16
S044,SKU00036,10
S044,SKU00039,16
S004,SKU00043,0
S003,SKU00046,10
S018,SKU00068,6
S038,SKU00012,8
S052,SKU00074,4
S027,SKU00054,0
S039,SKU00042,3
S064,SKU00022,15
S015,SKU00069,9
S043,SKU00046,11
S019,SKU00054,5
S059,SKU00037,13
S040,SKU00001,0
S015,SKU00072,0
S022,SKU00017,2
S020,SKU00001,16
S044,SKU00058,0
S004,SKU00068,4
S018,SKU00012,0
S023,SKU00018,7
S026,SKU00059,2
S032,SKU00050,8
S010,SKU00056,2
S048,SKU00019,7
S054,SKU00025,7
S017,SKU00035,8
S006,SKU00014,16
S014,SKU00002,3
S014,SKU00061,1
S054,SKU00014,16
S029,SKU00022,0
S032,SKU00063,1
S007,SKU00019,8
S011,SKU00050,21
S041,SKU00031,15
S037,SKU00065,0
S009,SKU00001,26
S011,SKU00042,11
S016,SKU00073,6
S044,SKU00016,17
S015,SKU00060,7
S002,SKU00038,14
S002,SKU00077,1
S015,SKU00027,20
S053,SKU00037,4
S008,SKU00076,8
S036,SKU00039,6
S017,SKU00021,0
S011,SKU00063,1
S051,SKU00041,3
S038,SKU00037,0
S013,SKU00036,12
S055,SKU00053,4
S036,SKU00058,0
S046,SKU00069,0
S046,SKU00072,4
S052,SKU00010,11
S058,SKU00077,2
S065,SKU00069,0
S006,SKU00019,0
S010,SKU00036,5
S033,SKU00077,1
S044,SKU00070,3
S010,SKU00039,5
S023,SKU00043,6
S054,SKU00019,7
S030,SKU00033,8
S036,SKU00016,6
S012,SKU00041,12
S013,SKU00058,10
S002,SKU00004,8
S017,SKU00012,17
S044,SKU00073,1
S004,SKU00037,3
S037,SKU00047,0
S060,SKU00060,1
S027,SKU00041,0
S045,SKU00030,5
S012,SKU00074,10
S041,SKU00075,0
S019,SKU00007,14
S023,SKU00068,4
S052,SKU00029,5
S010,SKU00058,8
S019,SKU00041,22
S064,SKU00007,12
S007,SKU00066,9
S025,SKU00078,2
S037,SKU00057,2
S061,SKU00033,13
S014,SKU00040,13
S037,SKU00018,7
S046,SKU00027,18
S049,SKU00013,0
S038,SKU00038,16
S038,SKU00077,2
S041,SKU00054,5
S014,SKU00011,23
S014,SKU00044,13
S023,SKU00012,5
S039,SKU00071,4
S010,SKU00016,14
S003,SKU00025,6
S006,SKU00001,6
S022,SKU00045,17
S003,SKU00014,5
S033,SKU00004,12
S026,SKU00080,0
S043,SKU00025,11
S018,SKU00077,8
S043,SKU00014,5
S010,SKU00033,8
S013,SKU00038,23
S008,SKU00018,12
S014,SKU00032,2
S002,SKU00050,7
S036,SKU00073,2
S030,SKU00042,13
S012,SKU00049,5
S037,SKU00035,12
S006,SKU00066,4
S012,SKU00020,13
S044,SKU00031,1
S004,SKU00038,7
S004,SKU00077,4
S013,SKU00070,0
S015,SKU00040,1
S021,SKU00035,6
S024,SKU00038,19
S029,SKU00074,0
S063,SKU00052,6
S002,SKU00063,1
S011,SKU00071,6
S027,SKU00049,5
S007,SKU00059,3
S008,SKU00009,13
S013,SKU00073,10
S016,SKU00022,4
S010,SKU00070,2
S019,SKU00020,15
S037,SKU00021,0
S034,SKU00017,2
S038,SKU00004,13
S039,SKU00046,12
S021,SKU00021,6
S037,SKU00043,5
S001,SKU00079,7
S012,SKU00010,24
S014,SKU00078,1
S018,SKU00033,0
S022,SKU00001,11
S055,SKU00056,3
S058,SKU00050,4
S034,SKU00030,14
S003,SKU00019,15
S058,SKU00042,6
S010,SKU00073,5
S033,SKU00050,9
S033,SKU00042,3
S014,SKU00062,6
S018,SKU00004,15
S027,SKU00010,14
S031,SKU00080,6
S043,SKU00019,5
S025,SKU00079,2
S042,SKU00023,19
S037,SKU00068,0
S033,SKU00063,1
S056,SKU00080,2
S047,SKU00001,0
S004,SKU00004,0
S024,SKU00004,9
S053,SKU00050,0
S053,SKU00042,18
S028,SKU00017,9
S045,SKU00045,2
S044,SKU00015,10
S012,SKU00026,27
S041,SKU00041,2
S028,SKU00030,13
S050,SKU00004,8
S038,SKU00050,12
S049,SKU00037,1
S064,SKU00029,16
S013,SKU00031,14
S044,SKU00022,18
S016,SKU00046,9
S008,SKU00068,11
S029,SKU00010,1
S014,SKU00024,24
S019,SKU00026,0
S042,SKU00064,6
S042,SKU00067,4
S046,SKU00011,9
S044,SKU00054,1
S055,SKU00036,13
S020,SKU00034,16
S038,SKU00063,4
S034,SKU00014,3
S023,SKU00077,2
S001,SKU00064,6
S018,SKU00042,1
S065,SKU00044,11
S005,SKU00023,24
S008,SKU00012,7
S014,SKU00006,4
S017,SKU00033,8
S007,SKU00003,16
S032,SKU00017,2
S045,SKU00001,12
S001,SKU00052,4
S004,SKU00050,22
S054,SKU00028,9
S009,SKU00034,25
S031,SKU00048,2
S025,SKU00052,2
S002,SKU00071,9
S011,SKU00017,25
S004,SKU00063,2
S024,SKU00063,2
S015,SKU00024,6
S016,SKU00007,18
S028,SKU00014,6
S036,SKU00022,14
S049,SKU00038,6
S055,SKU00016,14
S025,SKU00076,1
S020,SKU00069,2
S011,SKU00030,3
S013,SKU00015,24
S005,SKU00067,8
S016,SKU00074,3
S020,SKU00072,5
S013,SKU00075,10
S034,SKU00019,5
S059,SKU00071,4
S061,SKU00071,1
S039,SKU00025,2
S006,SKU00003,22
S039,SKU00014,9
S027,SKU00055,0
S013,SKU00054,2
S009,SKU00069,5
S008,SKU00037,3
S033,SKU00071,1
S019,SKU00055,4
S003,SKU00059,7
S009,SKU00072,5
S010,SKU00022,0
S063,SKU00013,8
S030,SKU00046,8
S017,SKU00042,1
S032,SKU00014,8
S055,SKU00070,5
S062,SKU00036,1
S062,SKU00039,3
S028,SKU00019,10
S042,SKU00053,5
S044,SKU00007,4
S037,SKU00077,3
S039,SKU00029,19
S036,SKU00046,3
S016,SKU00049,11
S034,SKU00001,13
S055,SKU00073,5
S011,SKU00014,8
S016,SKU00020,8
S046,SKU00024,10
S061,SKU00046,7
S041,SKU00026,2
S023,SKU00050,1
S044,SKU00074,0
S023,SKU00042,1
S040,SKU00002,13
S014,SKU00076,1
S006,SKU00034,22
S051,SKU00051,2
S058,SKU00046,7
S020,SKU00061,5
S003,SKU00028,0
S007,SKU00048,4
S016,SKU00025,2
S049,SKU00031,13
S035,SKU00067,0
S035,SKU00064,4
S043,SKU00028,5
S008,SKU00038,19
S008,SKU00077,1
S016,SKU00010,10
S018,SKU00071,4
S032,SKU00019,8
S037,SKU00033,3
S009,SKU00061,10
S035,SKU00052,1
S002,SKU00017,20
S021,SKU00033,7
S012,SKU00051,1
S004,SKU00071,6
S005,SKU00053,4
S036,SKU00007,11
S048,SKU00027,8
S015,SKU00023,5
S001,SKU00009,23
S002,SKU00030,20
S011,SKU00019,16
S016,SKU00029,5
S007,SKU00027,13
S006,SKU00069,2
S036,SKU00074,0
S019,SKU00051,8
S044,SKU00020,13
S049,SKU00063,0
S028,SKU00066,6
S050,SKU00071,0
S003,SKU00003,0
S025,SKU00009,4
S016,SKU00026,5
S006,SKU00072,8
S054,SKU00048,12
S052,SKU00005,18
S043,SKU00003,2
S018,SKU00046,6
S062,SKU00070,0
S008,SKU00004,17
S015,SKU00065,7
S001,SKU00013,7
S049,SKU00015,5
S032,SKU00001,13
S041,SKU00055,3
S057,SKU00069,3
S017,SKU00022,15
S049,SKU00075,0
S045,SKU00003,9
S062,SKU00073,0
S033,SKU00030,2
S040,SKU00040,3
S025,SKU00013,4
S057,SKU00072,3
S010,SKU00074,2
S006,SKU00060,6
S054,SKU00060,7
S006,SKU00027,8
S040,SKU00011,4
S053,SKU00017,7
S042,SKU00056,5
S049,SKU00054,3
S060,SKU00023,8
S020,SKU00011,1
S020,SKU00044,10
S021,SKU00042,7
S022,SKU00069,6
S032,SKU00066,6
S014,SKU00018,5
S030,SKU00025,12
S036,SKU00020,9
S002,SKU00014,25
S030,SKU00014,10
S055,SKU00015,7
S038,SKU00017,9
S009,SKU00040,14
S035,SKU00053,5
S040,SKU00032,3
S011,SKU00066,2
S007,SKU00008,2
S020,SKU00032,23
S038,SKU00030,0
S065,SKU00076,2
S008,SKU00050,17
S012,SKU00080,2
S009,SKU00011,6
S009,SKU00044,20
S023,SKU00071,0
S059,SKU00014,7
S014,SKU00009,2
S061,SKU00025,16
S047,SKU00069,0
S036,SKU00010,3
S060,SKU00065,4
S055,SKU00054,3
S015,SKU00047,17
S045,SKU00034,4
S027,SKU00080,0
S063,SKU00038,3
S058,SKU00025,16
S008,SKU00063,11
S010,SKU00049,15
S010,SKU00020,0
S017,SKU00046,19
S015,SKU00057,0
S065,SKU00065,6
S009,SKU00032,0
S004,SKU00017,0
S024,SKU00017,9
S005,SKU00056,4
S042,SKU00036,7
S002,SKU00019,5
S020,SKU00078,2
S042,SKU00039,10
S048,SKU00011,9
S004,SKU00030,19
S040,SKU00062,0
S061,SKU00029,8
S012,SKU00005,17
S020,SKU00062,3
S010,SKU00010,4
S041,SKU00051,1
S014,SKU00043,29
S036,SKU00026,8
S043,SKU00048,0
S053,SKU00014,6
S054,SKU00008,0
S022,SKU00061,6
S050,SKU00030,7
S029,SKU00080,3
S059,SKU00019,9
S019,SKU00005,20
S042,SKU00058,1
S038,SKU00014,12
S039,SKU00028,6
S015,SKU00035,10
S014,SKU00068,0
S009,SKU00062,8
S003,SKU00060,7
S010,SKU00029,22
S033,SKU00019,10
S018,SKU00025,1
S003,SKU00027,14
S025,SKU00037,14
S035,SKU00013,17
S018,SKU00014,2
S043,SKU00060,3
S016,SKU00059,2
S046,SKU00047,2
S047,SKU00061,0
S049,SKU00041,13
S017,SKU00074,6
S060,SKU00057,2
S002,SKU00001,19
S010,SKU00026,27
S015,SKU00021,22
S006,SKU00040,14
S028,SKU00003,9
S014,SKU00012,12
S040,SKU00024,7
S005,SKU00036,19
S020,SKU00024,17
S005,SKU00039,11
S004,SKU00014,17
S037,SKU00071,3
